id_direccion,nombre,paterno,materno,telefono,celular,email,num_viajes,hora_entrada,hora_salida,foto,facultad,instituto,unidad
783,NICOLEA,DAMEISELE,FRANSSENI,63373011,8601475394,nfransseni0@gov.uk,0,5:22 PM,6:46 PM,https://robohash.org/dignissimosdeseruntminima.jpg?size=200x200&set=set1,ciencias,,
620,OLIVIA,TUBRIDY,MARGETT,66089317,7201310363,omargett1@illinois.edu,0,11:40 PM,10:22 PM,https://robohash.org/voluptatemnatuset.bmp?size=200x200&set=set1,medicina veterinaria y zootecnica,,
590,SEUMAS,ORNELAS,FERRONEL,12047781,3048886355,sferronel2@addtoany.com,0,9:53 PM,7:05 PM,https://robohash.org/eanullaet.png?size=200x200&set=set1,ciencias,,
690,MERYL,CASTLAKE,PLUMRIDEGE,72622329,3318071786,mplumridege3@jiathis.com,0,10:34 PM,10:33 PM,https://robohash.org/doloremmolestiasdistinctio.jpg?size=200x200&set=set1,medicina veterinaria y zootecnica,,
465,READE,TRIPLET,GERBEL,14330678,3701289223,rgerbel4@multiply.com,0,10:31 AM,2:00 PM,https://robohash.org/voluptatemcummaxime.png?size=200x200&set=set1,filosofia y letras,,
725,SARGE,LLOPIS,MATZEITIS,1805288,6105890379,smatzeitis5@shinystat.com,0,9:24 AM,10:35 PM,https://robohash.org/rerumeosaccusantium.png?size=200x200&set=set1,derecho,,
604,JEANNIE,VALADEZ,BELLHANGER,90999119,2926185118,jbellhanger6@thetimes.co.uk,0,6:43 PM,9:11 PM,https://robohash.org/commodimolestiaeinventore.jpg?size=200x200&set=set1,arquitectura,,
584,GIACOPO,WELLSTEAD,SNUGG,11157700,1891171848,gsnugg7@cnbc.com,0,10:11 PM,7:53 PM,https://robohash.org/culpadebitisut.bmp?size=200x200&set=set1,ciencias,,
150,REGGIS,DAVY,CURMAN,70235819,8798574981,rcurman8@barnesandnoble.com,0,6:39 PM,6:10 PM,https://robohash.org/velitvoluptatibusnihil.bmp?size=200x200&set=set1,ingenieria,,
683,EM,BERNAERT,BIRTH,29079083,9885271366,ebirth9@hibu.com,0,11:24 AM,5:01 PM,https://robohash.org/utsintveritatis.bmp?size=200x200&set=set1,quimica,,
288,TUDOR,COLLINGRIDGE,TYRIE,14258298,2407875688,ttyriea@deliciousdays.com,0,11:19 PM,5:46 PM,https://robohash.org/autautdolores.bmp?size=200x200&set=set1,ingenieria,,
7,BENDIX,MARIETTE,PAIK,21825645,9462482733,bpaikb@wikimedia.org,0,3:14 PM,10:16 AM,https://robohash.org/dictanihilaut.png?size=200x200&set=set1,derecho,,
741,JERROLD,CORNEHL,LAPWOOD,69315009,4479487667,jlapwoodc@pinterest.com,0,12:17 PM,10:10 AM,https://robohash.org/ducimuscumfugiat.bmp?size=200x200&set=set1,musica,,
56,MARLON,AULD,ROGGERS,29627738,3852339969,mroggersd@blogspot.com,0,12:01 PM,8:05 AM,https://robohash.org/adipiscipariaturdolorum.jpg?size=200x200&set=set1,filosofia y letras,,
530,ORLAN,GEROK,SPOSITO,87348200,2957470373,ospositoe@google.com.br,0,8:56 PM,10:46 PM,https://robohash.org/etdoloremsed.bmp?size=200x200&set=set1,arquitectura,,
1,LIBBI,PIRRI,GUILLOTON,28101701,3709280593,lguillotonf@usa.gov,0,10:36 AM,1:18 PM,https://robohash.org/possimusquiodit.png?size=200x200&set=set1,arquitectura,,
471,JOAQUIN,BLETSO,ERINGTON,10995292,5193977868,jeringtong@bloglovin.com,0,1:10 PM,9:58 AM,https://robohash.org/voluptasametut.jpg?size=200x200&set=set1,contaduria y administracion,,
118,DORALYNN,GILLORAN,TOMMEN,73573367,7189900483,dtommenh@mashable.com,0,9:46 AM,10:59 PM,https://robohash.org/explicaboquibusdamnemo.bmp?size=200x200&set=set1,filosofia y letras,,
424,DENNEY,MCELLEN,CONNERLY,40606439,6992666840,dconnerlyi@newsvine.com,0,8:12 AM,6:05 PM,https://robohash.org/praesentiumlaboriosamfugiat.bmp?size=200x200&set=set1,psicologia,,
179,DORY,PRINETT,BARTOSCH,55848491,1217564212,dbartoschj@google.fr,0,7:16 PM,7:19 PM,https://robohash.org/nihilquiaut.jpg?size=200x200&set=set1,medicina,,
339,CHARYL,GILLOOLY,DE MARIA,38129385,3275580287,cdemariak@yolasite.com,0,5:32 PM,11:17 PM,https://robohash.org/autnihilqui.bmp?size=200x200&set=set1,filosofia y letras,,
366,PADGET,YEUDE,SPEKE,25396513,8456008610,pspekel@ox.ac.uk,0,2:28 PM,11:19 AM,https://robohash.org/voluptasquoenim.bmp?size=200x200&set=set1,medicina veterinaria y zootecnica,,
28,FLORELLA,COMBERBACH,VOKES,89462279,8171427349,fvokesm@yandex.ru,0,8:31 AM,9:18 PM,https://robohash.org/quiaculpain.png?size=200x200&set=set1,filosofia y letras,,
90,VERGE,ANSELL,PARKEN,85671791,9795628828,vparkenn@1688.com,0,9:15 PM,4:09 PM,https://robohash.org/inaliquidesse.png?size=200x200&set=set1,odontologia,,
673,CHAUNCE,KIRKAM,RAMSDELL,55640347,8843466936,cramsdello@nba.com,0,9:25 AM,9:48 AM,https://robohash.org/doloribusvoluptatemdolorum.jpg?size=200x200&set=set1,odontologia,,
532,SILEAS,RENOL,SWADDEN,74249058,7394948708,sswaddenp@360.cn,0,9:05 AM,9:19 AM,https://robohash.org/quivitaedignissimos.jpg?size=200x200&set=set1,musica,,
596,DERWARD,FITTON,REALLY,41052070,8828314220,dreallyq@nasa.gov,0,5:21 PM,4:38 PM,https://robohash.org/exercitationemnamid.png?size=200x200&set=set1,ciencias,,
766,MARISA,ALDWINCKLE,ZANNELI,6563190,4246695700,mzannelir@dmoz.org,0,8:28 PM,2:34 PM,https://robohash.org/autemveleum.jpg?size=200x200&set=set1,medicina,,
657,MARKUS,GASS,URRY,22263901,7353674776,murrys@guardian.co.uk,0,3:38 PM,4:43 PM,https://robohash.org/sinteaquequas.png?size=200x200&set=set1,quimica,,
509,ETIENNE,RANSTEAD,ISKOWICZ,97996627,9841097255,eiskowiczt@apple.com,0,3:34 PM,4:35 PM,https://robohash.org/quicumfugit.png?size=200x200&set=set1,arquitectura,,
736,VALENE,PHIZACLEA,PAXFORDE,95335744,9882213823,vpaxfordeu@friendfeed.com,0,9:37 PM,11:35 PM,https://robohash.org/repellendussequitempore.png?size=200x200&set=set1,musica,,
510,EUDORA,IOSELEVICH,RIDDER,11161220,9814190928,eridderv@rakuten.co.jp,0,7:49 PM,1:25 PM,https://robohash.org/blanditiisatqueautem.png?size=200x200&set=set1,medicina,,
562,GEARARD,BRUNKER,HOWDEN,92145028,7438902419,ghowdenw@cargocollective.com,0,10:25 PM,1:15 PM,https://robohash.org/liberoinmaiores.bmp?size=200x200&set=set1,musica,,
505,CAROLA,BEVERSTOCK,DILLINGER,22785630,9171926953,cdillingerx@altervista.org,0,10:04 AM,6:10 PM,https://robohash.org/doloremaccusantiumut.png?size=200x200&set=set1,arquitectura,,
229,ADRIA,CAPENER,SPEERMAN,27233161,4204664830,aspeermany@mozilla.org,0,2:51 PM,10:45 AM,https://robohash.org/minusrepellatet.jpg?size=200x200&set=set1,quimica,,
378,BRENDIS,ANSTEY,ETTRIDGE,95956054,7814662210,bettridgez@china.com.cn,0,1:21 PM,6:25 PM,https://robohash.org/etaspernaturlaborum.bmp?size=200x200&set=set1,derecho,,
491,AUDRYE,CEELY,VALE,15209507,9237025375,avale10@dion.ne.jp,0,9:07 AM,3:21 PM,https://robohash.org/veniamnisidolore.png?size=200x200&set=set1,musica,,
44,MABEL,MEADERS,GALWAY,22598867,7596487958,mgalway11@over-blog.com,0,9:16 AM,7:47 PM,https://robohash.org/repudiandaeetnesciunt.png?size=200x200&set=set1,ingenieria,,
743,KORA,DOTTRIDGE,KETTELL,47962475,8084427430,kkettell12@ox.ac.uk,0,10:16 AM,1:36 PM,https://robohash.org/atqueipsammagnam.jpg?size=200x200&set=set1,economia,,
688,BORDY,GOMBY,O'GRIFFIN,75822771,1235364678,bogriffin13@intel.com,0,2:46 PM,7:26 PM,https://robohash.org/solutaautnulla.jpg?size=200x200&set=set1,arquitectura,,
310,MARGARET,ABETHELL,BRAZENOR,21238745,7798458228,mbrazenor14@clickbank.net,0,6:07 PM,2:36 PM,https://robohash.org/velitsuntfuga.bmp?size=200x200&set=set1,arquitectura,,
627,STANFORD,MCKAY,PALK,36483713,9694708790,spalk15@smh.com.au,0,1:21 PM,7:21 PM,https://robohash.org/consequaturcorporisvoluptas.bmp?size=200x200&set=set1,ciencias,,
775,CHRISTYE,SHERINGTON,KOBKE,14282051,3598362373,ckobke16@miibeian.gov.cn,0,9:39 AM,1:02 PM,https://robohash.org/quiporrodolor.jpg?size=200x200&set=set1,odontologia,,
498,BOYD,KHOSA,WELLBELOVE,5823260,7919911091,bwellbelove17@diigo.com,0,8:46 AM,12:21 PM,https://robohash.org/consequunturaccusantiumsunt.png?size=200x200&set=set1,quimica,,
550,PEPITO,SIGNORELLI,WARTON,57060520,7448135637,pwarton18@hexun.com,0,11:24 PM,9:27 PM,https://robohash.org/possimusinnihil.jpg?size=200x200&set=set1,medicina veterinaria y zootecnica,,
354,FAWN,DELYTH,UPPETT,38941200,7181352145,fuppett19@123-reg.co.uk,0,9:25 PM,10:09 AM,https://robohash.org/praesentiumetsoluta.jpg?size=200x200&set=set1,economia,,
88,BORIS,LEAR,LIGGONS,36623093,6435882988,bliggons1a@behance.net,0,8:42 PM,10:00 PM,https://robohash.org/namautquidem.jpg?size=200x200&set=set1,psicologia,,
32,LYNETTE,GIACOBILIO,KLEJIN,6808957,7303696486,lklejin1b@1688.com,0,8:26 PM,11:20 AM,https://robohash.org/natusquoin.bmp?size=200x200&set=set1,ingenieria,,
131,DELLY,BENDAN,CURREY,81320418,9584544067,dcurrey1c@shareasale.com,0,9:11 PM,3:59 PM,https://robohash.org/iddoloremquevoluptas.jpg?size=200x200&set=set1,ciencias politicas y sociales,,
768,ARIN,BUCKTHORPE,BRAMWELL,27183097,3977907984,abramwell1d@wp.com,0,3:48 PM,8:35 AM,https://robohash.org/quasaccusamusdoloremque.bmp?size=200x200&set=set1,psicologia,,
376,HENDRIKA,GLAWSOP,BERTHELMOT,33234357,5318959329,hberthelmot1e@nsw.gov.au,0,11:56 AM,11:37 AM,https://robohash.org/repellendusmaioresfuga.jpg?size=200x200&set=set1,psicologia,,
693,SKY,CONEN,DULANY,96629844,6985574572,sdulany1f@paginegialle.it,0,11:06 AM,5:00 PM,https://robohash.org/enimofficiisillum.png?size=200x200&set=set1,quimica,,
739,ILYSA,HAINING,TARREN,42787170,9401350804,itarren1g@gmpg.org,0,3:17 PM,9:00 AM,https://robohash.org/oditpraesentiumdelectus.bmp?size=200x200&set=set1,arquitectura,,
258,TANA,HUSCROFT,JEPPERSON,87022196,6095755412,tjepperson1h@cbsnews.com,0,7:58 PM,11:49 PM,https://robohash.org/solutamollitiavoluptas.png?size=200x200&set=set1,odontologia,,
328,TORI,EBOURNE,PEEVER,69442663,9461711940,tpeever1i@histats.com,0,5:22 PM,10:26 AM,https://robohash.org/veniamrationedolores.png?size=200x200&set=set1,ciencias,,
81,MERRILL,SEPEY,SALLE,5465414,2139521332,msalle1j@java.com,0,9:29 AM,4:55 PM,https://robohash.org/facilissaepeeos.png?size=200x200&set=set1,medicina,,
770,LUCITA,CRUMMAY,SOTTELL,42022060,6406528412,lsottell1k@dedecms.com,0,12:26 PM,5:57 PM,https://robohash.org/etsequiperspiciatis.jpg?size=200x200&set=set1,contaduria y administracion,,
787,ZERK,HARKNESS,FLUTE,95164366,3465558509,zflute1l@yandex.ru,0,11:39 AM,7:43 PM,https://robohash.org/rationeaperiamet.png?size=200x200&set=set1,filosofia y letras,,
254,JEMMY,FANTHOME,LINNETT,62724905,6624664549,jlinnett1m@npr.org,0,6:01 PM,12:54 PM,https://robohash.org/fugiatcumlaudantium.jpg?size=200x200&set=set1,artes y diseño,,
696,INESITA,NORTHGRAVES,MEAKES,55928381,3146003529,imeakes1n@nationalgeographic.com,0,3:12 PM,4:54 PM,https://robohash.org/repudiandaesedinventore.jpg?size=200x200&set=set1,ciencias politicas y sociales,,
638,TASIA,CHAINEY,BOWIE,10035830,7107264359,tbowie1o@sogou.com,0,4:40 PM,10:32 PM,https://robohash.org/nihiltemporasit.bmp?size=200x200&set=set1,artes y diseño,,
602,SPENCE,HANDES,BENNITT,76345496,7358863737,sbennitt1p@theatlantic.com,0,4:40 PM,5:55 PM,https://robohash.org/etvoluptatemomnis.png?size=200x200&set=set1,medicina,,
460,CHANCEY,PIZEY,CHUCKS,62201244,1946239463,cchucks1q@privacy.gov.au,0,10:12 AM,11:28 AM,https://robohash.org/eaqueremvelit.jpg?size=200x200&set=set1,medicina veterinaria y zootecnica,,
366,LAMMOND,BERTOME,WOOLES,27404112,1917429709,lwooles1r@etsy.com,0,4:36 PM,9:00 PM,https://robohash.org/delenitiipsaquia.jpg?size=200x200&set=set1,artes y diseño,,
349,YEHUDI,HANNIS,YAKOVITCH,48591660,7239197627,yyakovitch1s@hugedomains.com,0,11:22 PM,3:42 PM,https://robohash.org/ipsamveritatisvel.bmp?size=200x200&set=set1,derecho,,
339,RUTH,BONHOME,PAPWORTH,58171316,6857733056,rpapworth1t@jalbum.net,0,5:24 PM,4:01 PM,https://robohash.org/auttemporibusiste.bmp?size=200x200&set=set1,economia,,
717,DELIA,VASNETSOV,WILDBORE,92001415,4028873045,dwildbore1u@drupal.org,0,1:55 PM,12:00 PM,https://robohash.org/fugamolestiaesoluta.jpg?size=200x200&set=set1,psicologia,,
11,RICKIE,MCCAFFERKY,MOUTH,57179219,9696449628,rmouth1v@odnoklassniki.ru,0,3:41 PM,6:14 PM,https://robohash.org/quaeratetincidunt.png?size=200x200&set=set1,odontologia,,
82,NONNA,AINGEL,LYDDY,24148204,1698918066,nlyddy1w@youtube.com,0,8:04 PM,6:09 PM,https://robohash.org/magnidoloresid.png?size=200x200&set=set1,quimica,,
616,BREENA,SHELDON,BURWIN,28486616,1457445932,bburwin1x@t-online.de,0,10:33 PM,9:08 AM,https://robohash.org/voluptatumducimusquis.bmp?size=200x200&set=set1,economia,,
511,JEAN,AGENT,MCGEOUCH,23999246,8766948399,jmcgeouch1y@pinterest.com,0,7:03 PM,2:17 PM,https://robohash.org/facilisaperiamperspiciatis.bmp?size=200x200&set=set1,ciencias politicas y sociales,,
191,COLLIN,DIK,TEMPLEMAN,1133584,1976766148,ctempleman1z@google.cn,0,7:21 PM,11:41 AM,https://robohash.org/occaecatinemonihil.jpg?size=200x200&set=set1,derecho,,
161,MUFINELLA,ROYLE,BASSIL,79641122,2339404915,mbassil20@icio.us,0,5:06 PM,12:22 PM,https://robohash.org/ipsaillovoluptas.jpg?size=200x200&set=set1,quimica,,
522,ISAAC,ARUNDELL,HAGARD,88620815,6752803987,ihagard21@unc.edu,0,1:30 PM,11:13 PM,https://robohash.org/nesciuntvoluptasnihil.jpg?size=200x200&set=set1,musica,,
473,HAMILTON,STALLYBRASS,CATTEMULL,3041108,1546356260,hcattemull22@jiathis.com,0,8:36 AM,10:53 AM,https://robohash.org/repellendussitet.jpg?size=200x200&set=set1,psicologia,,
182,EMYLEE,ROSSETTI,FLETCHER,49166522,2233776748,efletcher23@unc.edu,0,4:37 PM,6:09 PM,https://robohash.org/quiodionihil.png?size=200x200&set=set1,musica,,
245,VITORIA,HANDOVER,HATWELL,54858387,8948233224,vhatwell24@time.com,0,11:41 AM,11:10 PM,https://robohash.org/praesentiumveliteum.jpg?size=200x200&set=set1,economia,,
181,NEVIL,ELBOURN,QUERREE,44515470,3401107544,nquerree25@ycombinator.com,0,10:51 AM,8:07 PM,https://robohash.org/itaqueliberoin.jpg?size=200x200&set=set1,filosofia y letras,,
613,THATCHER,STUTTE,FAIRALL,96019376,2362170913,tfairall26@shinystat.com,0,9:04 PM,10:31 PM,https://robohash.org/possimusautofficia.bmp?size=200x200&set=set1,derecho,,
287,DULCIANA,FROST,WELLINGTON,44782126,9419737208,dwellington27@tinypic.com,0,11:20 PM,11:40 PM,https://robohash.org/perferendisquiconsequatur.png?size=200x200&set=set1,contaduria y administracion,,
631,MARCELLINE,FRIZELL,AIMSON,95609224,9667221614,maimson28@lulu.com,0,10:38 PM,5:06 PM,https://robohash.org/quiaquiainventore.png?size=200x200&set=set1,contaduria y administracion,,
329,COLEMAN,DUNBAVIN,VASZOLY,62227335,7481166435,cvaszoly29@japanpost.jp,0,5:06 PM,8:29 AM,https://robohash.org/iuredelectusut.png?size=200x200&set=set1,medicina veterinaria y zootecnica,,
301,AUBERT,RENDALL,FRACZKIEWICZ,53616440,9395414432,afraczkiewicz2a@craigslist.org,0,1:49 PM,6:59 PM,https://robohash.org/sedsuntea.png?size=200x200&set=set1,artes y diseño,,
252,BONDIE,ANDRELLI,SYLETT,6873668,3603763384,bsylett2b@eepurl.com,0,4:53 PM,4:46 PM,https://robohash.org/voluptasoditvero.png?size=200x200&set=set1,musica,,
542,NOLLY,THIBODEAUX,PARTLETON,77340883,1735476292,npartleton2c@vimeo.com,0,10:23 PM,1:44 PM,https://robohash.org/averitatissequi.png?size=200x200&set=set1,arquitectura,,
688,STIRLING,HURDIDGE,KROLL,68099024,2029154647,skroll2d@dmoz.org,0,9:40 AM,3:11 PM,https://robohash.org/ametreiciendisquis.bmp?size=200x200&set=set1,economia,,
639,KRYSTA,SHOREY,PAGITT,98331761,7035368365,kpagitt2e@stanford.edu,0,10:32 AM,10:57 AM,https://robohash.org/officiisminuset.png?size=200x200&set=set1,ciencias,,
567,TANNEY,MOAKSON,DADE,77785156,5446705520,tdade2f@macromedia.com,0,9:01 PM,10:58 AM,https://robohash.org/odioexcorporis.png?size=200x200&set=set1,economia,,
524,THADEUS,JANTZEN,FAYTER,52487527,4458164155,tfayter2g@epa.gov,0,7:06 PM,10:01 PM,https://robohash.org/reiciendisiureeius.bmp?size=200x200&set=set1,medicina veterinaria y zootecnica,,
74,NYE,GECKS,DANIELE,68025650,4309980100,ndaniele2h@ucla.edu,0,11:16 PM,9:16 AM,https://robohash.org/doloribusmodiincidunt.png?size=200x200&set=set1,contaduria y administracion,,
536,PERICE,BELLOCHT,FOURMY,20312069,1008604075,pfourmy2i@so-net.ne.jp,0,2:37 PM,9:14 PM,https://robohash.org/ideaquequi.png?size=200x200&set=set1,odontologia,,
759,ARMAN,GIOTTOI,EYDEL,11849597,2269376351,aeydel2j@sohu.com,0,3:35 PM,1:53 PM,https://robohash.org/quasivoluptatemoptio.png?size=200x200&set=set1,quimica,,
110,DERICK,GILLEASE,MILBURN,51242162,4938791711,dmilburn2k@yellowbook.com,0,2:53 PM,11:49 AM,https://robohash.org/evenietquisqui.jpg?size=200x200&set=set1,ciencias,,
295,WYNNE,D'HOOGE,BUNSON,46566565,1826435275,wbunson2l@marriott.com,0,8:54 AM,10:54 PM,https://robohash.org/quirepellendusmaxime.png?size=200x200&set=set1,economia,,
789,ARTY,SZYMANEK,PAUL,40832351,9974955856,apaul2m@fda.gov,0,3:52 PM,3:12 PM,https://robohash.org/nemonobisducimus.png?size=200x200&set=set1,musica,,
9,KRISTA,FRITH,PERRY,33163647,1962152195,kperry2n@multiply.com,0,1:26 PM,8:33 AM,https://robohash.org/sitsequiaperiam.png?size=200x200&set=set1,contaduria y administracion,,
79,MORSE,VASKIN,SCOTLAND,70895262,2329910893,mscotland2o@xrea.com,0,5:41 PM,8:11 PM,https://robohash.org/oditetquam.jpg?size=200x200&set=set1,musica,,
345,ELMIRA,LONGTHORN,COMMIN,81522797,4501895002,ecommin2p@house.gov,0,6:35 PM,9:10 AM,https://robohash.org/voluptasconsequunturquia.png?size=200x200&set=set1,medicina,,
341,HAM,PANNAMAN,HORTOP,3345986,2395133596,hhortop2q@smugmug.com,0,3:20 PM,8:52 AM,https://robohash.org/utquidemquia.jpg?size=200x200&set=set1,ciencias politicas y sociales,,
110,WILLEM,WAINE,ALLCHORN,57112376,3733315232,wallchorn2r@ebay.co.uk,0,4:14 PM,1:22 PM,https://robohash.org/dictautomnis.bmp?size=200x200&set=set1,medicina veterinaria y zootecnica,,
336,YANCE,WALLETT,BICKERDIKE,80750187,8537564497,ybickerdike2s@accuweather.com,0,9:08 AM,11:56 PM,https://robohash.org/etsitvitae.png?size=200x200&set=set1,medicina,,
200,ERIN,BLANKING,BERNUCCI,17580127,5897455139,ebernucci2t@moonfruit.com,0,9:05 PM,11:40 AM,https://robohash.org/distinctioutut.jpg?size=200x200&set=set1,filosofia y letras,,
564,WALLIS,FERRONE,DANFORTH,36731593,8984068038,wdanforth2u@ucsd.edu,0,9:32 AM,1:51 PM,https://robohash.org/enimearumbeatae.bmp?size=200x200&set=set1,filosofia y letras,,
446,WINONA,DEEDES,BORDISS,43455043,9978715417,wbordiss2v@chicagotribune.com,0,8:49 AM,5:08 PM,https://robohash.org/voluptasdoloresitaque.png?size=200x200&set=set1,ciencias politicas y sociales,,
153,LORNA,RONALDSON,GOODMAN,77972988,8862256887,lgoodman2w@cmu.edu,0,2:43 PM,5:06 PM,https://robohash.org/laboriosamquaeratmagnam.bmp?size=200x200&set=set1,musica,,
544,MAXIMILIEN,KIMMERLING,PUNCHER,83104043,9167629661,mpuncher2x@ebay.co.uk,0,7:58 PM,8:49 AM,https://robohash.org/sitreprehenderitipsam.bmp?size=200x200&set=set1,medicina veterinaria y zootecnica,,
145,EMILE,DU HAMEL,CREVY,16353871,3543518354,ecrevy2y@yolasite.com,0,2:31 PM,1:53 PM,https://robohash.org/cumquemolestiascorporis.jpg?size=200x200&set=set1,ingenieria,,
470,TOM,DIGHT,LIVERMORE,44317987,1407944976,tlivermore2z@comsenz.com,0,2:51 PM,11:42 PM,https://robohash.org/utenimquia.jpg?size=200x200&set=set1,psicologia,,
345,KIMBERLI,LEVERSUCH,IANELLI,85521745,9254988113,kianelli30@issuu.com,0,8:06 AM,5:37 PM,https://robohash.org/teneturculparepellendus.jpg?size=200x200&set=set1,medicina,,
346,KAMILA,KEPE,DUMBERELL,99292714,7528735608,kdumberell31@clickbank.net,0,6:34 PM,1:53 PM,https://robohash.org/insuntnihil.png?size=200x200&set=set1,psicologia,,
611,GINNI,WALROND,MADDIE,92430653,9691945112,gmaddie32@phoca.cz,0,5:11 PM,9:56 PM,https://robohash.org/dolorvoluptasofficiis.jpg?size=200x200&set=set1,derecho,,
54,LORETTA,POLLITT,DUDBRIDGE,64592888,9953909635,ldudbridge33@sphinn.com,0,2:58 PM,8:16 PM,https://robohash.org/quidemquisquamdignissimos.png?size=200x200&set=set1,derecho,,
278,OCTAVIA,POVELEYE,MAYMOND,27385934,7058439794,omaymond34@arizona.edu,0,10:30 AM,9:52 PM,https://robohash.org/facerenatusvoluptas.png?size=200x200&set=set1,filosofia y letras,,
651,MARJIE,BOME,PHILPIN,57645440,9743372586,mphilpin35@fc2.com,0,9:53 AM,9:40 PM,https://robohash.org/utfugitofficiis.jpg?size=200x200&set=set1,ciencias,,
374,MADELLA,D'EATH,HEMMINGWAY,12113462,3706602873,mhemmingway36@yellowbook.com,0,12:26 PM,10:03 PM,https://robohash.org/rerumdoloremquedolor.png?size=200x200&set=set1,ciencias,,
64,TAMAR,STREAK,CORNELJES,15800952,9191827208,tcorneljes37@goo.gl,0,1:02 PM,10:24 AM,https://robohash.org/autemsedfugit.bmp?size=200x200&set=set1,artes y diseño,,
294,HERB,DUST,TIMBRIDGE,97895846,4865383440,htimbridge38@sina.com.cn,0,1:02 PM,5:10 PM,https://robohash.org/quidemullamexplicabo.bmp?size=200x200&set=set1,psicologia,,
301,LUELLE,PIRDY,HAILL,84800728,3672177564,lhaill39@aol.com,0,4:59 PM,10:10 PM,https://robohash.org/nisianimimodi.jpg?size=200x200&set=set1,economia,,
53,EYDE,SPURETT,SHEIRCLIFFE,73852521,7501955376,esheircliffe3a@washingtonpost.com,0,7:42 PM,12:45 PM,https://robohash.org/consequaturtemporibuspossimus.jpg?size=200x200&set=set1,ingenieria,,
543,MALLORIE,GUYMER,MACSPORRAN,95783267,9849589206,mmacsporran3b@clickbank.net,0,4:15 PM,12:27 PM,https://robohash.org/minusautemlaborum.png?size=200x200&set=set1,odontologia,,
250,MAGDALENA,DOCKWRAY,SCHADE,67170954,7787272245,mschade3c@taobao.com,0,7:23 PM,2:44 PM,https://robohash.org/minusnatusbeatae.jpg?size=200x200&set=set1,arquitectura,,
92,ROBYN,FUTCHER,FALLOWS,43219328,3511343056,rfallows3d@quantcast.com,0,6:17 PM,11:48 PM,https://robohash.org/nesciuntaspernaturvoluptates.bmp?size=200x200&set=set1,ingenieria,,
563,VLADAMIR,DADDS,BAIRNSFATHER,38075794,6176845016,vbairnsfather3e@nih.gov,0,8:26 PM,6:18 PM,https://robohash.org/liberopraesentiumad.jpg?size=200x200&set=set1,odontologia,,
728,SAUDRA,OLLERENSHAW,PRATLEY,90985953,3031697720,spratley3f@marriott.com,0,11:47 AM,12:02 PM,https://robohash.org/minusvelitnon.jpg?size=200x200&set=set1,psicologia,,
532,ELIAS,BARTHRAM,BOHLENS,77498709,1284746105,ebohlens3g@squarespace.com,0,6:37 PM,9:23 PM,https://robohash.org/iustovoluptatibustempora.bmp?size=200x200&set=set1,artes y diseño,,
78,BENSON,MACGARRITY,MCLELLAND,89422181,4455152326,bmclelland3h@addtoany.com,0,9:54 PM,3:05 PM,https://robohash.org/eiusevenietaliquam.png?size=200x200&set=set1,arquitectura,,
197,ANTONIUS,BLACKET,DANSIE,39481943,9225507751,adansie3i@ucla.edu,0,9:32 AM,5:48 PM,https://robohash.org/verodelenitiofficia.bmp?size=200x200&set=set1,ciencias,,
776,ROG,LISTER,DAVYDOCHKIN,36326342,3645291543,rdavydochkin3j@walmart.com,0,10:35 AM,8:11 PM,https://robohash.org/natusinventoreest.bmp?size=200x200&set=set1,medicina veterinaria y zootecnica,,
23,DEBORAH,BEETHAM,GHIRARDI,33037909,2091277767,dghirardi3k@simplemachines.org,0,11:11 PM,7:23 PM,https://robohash.org/sedpariaturmolestiae.jpg?size=200x200&set=set1,ingenieria,,
399,BRETT,GIRALDO,UNITT,39045425,8501003908,bunitt3l@1und1.de,0,8:38 AM,10:20 AM,https://robohash.org/corporisametquia.bmp?size=200x200&set=set1,odontologia,,
133,SANDRA,BARENSE,FERRERES,67393065,2724121224,sferreres3m@angelfire.com,0,4:33 PM,9:44 AM,https://robohash.org/officiisasunt.bmp?size=200x200&set=set1,artes y diseño,,
514,BELICIA,REY,BIEVER,14871005,3676107061,bbiever3n@multiply.com,0,11:21 PM,4:24 PM,https://robohash.org/debitisdistinctionam.bmp?size=200x200&set=set1,economia,,
765,KEIR,HETHRON,NAJARA,28038089,3217355569,knajara3o@archive.org,0,1:54 PM,3:24 PM,https://robohash.org/rerumaliquamofficia.png?size=200x200&set=set1,ciencias politicas y sociales,,
297,THEODORIC,STAPLES,DRENNAN,64592562,6785102042,tdrennan3p@people.com.cn,0,9:45 AM,10:59 AM,https://robohash.org/modivoluptatemtempore.png?size=200x200&set=set1,medicina veterinaria y zootecnica,,
366,ANGIL,RANALD,COGMAN,64403873,1396423338,acogman3q@deliciousdays.com,0,4:16 PM,7:39 PM,https://robohash.org/oditquodnemo.bmp?size=200x200&set=set1,arquitectura,,
41,DONICA,STARKEY,WALISZEWSKI,69741062,6417964641,dwaliszewski3r@studiopress.com,0,2:57 PM,7:32 PM,https://robohash.org/intemporeeum.jpg?size=200x200&set=set1,musica,,
496,PHEDRA,THIBODEAUX,SALVADOR,96206636,2612279930,psalvador3s@instagram.com,0,2:53 PM,1:25 PM,https://robohash.org/accusantiumquisquamnon.bmp?size=200x200&set=set1,filosofia y letras,,
481,CELINA,SCOTCHFORD,PASH,6283885,4851402691,cpash3t@example.com,0,8:34 PM,3:04 PM,https://robohash.org/eosessemaxime.bmp?size=200x200&set=set1,musica,,
15,CHRISTOPH,WITT,CORDIE,85061524,7704840727,ccordie3u@columbia.edu,0,1:27 PM,9:38 AM,https://robohash.org/accusantiumlaudantiumeos.bmp?size=200x200&set=set1,odontologia,,
485,GOOBER,GOUNIN,BURNALL,46431760,4466221322,gburnall3v@macromedia.com,0,3:49 PM,11:39 PM,https://robohash.org/etoccaecatiratione.bmp?size=200x200&set=set1,quimica,,
341,MIC,NEGRI,KOPISCH,58023560,2614270340,mkopisch3w@deliciousdays.com,0,2:58 PM,3:12 PM,https://robohash.org/nonetiste.bmp?size=200x200&set=set1,contaduria y administracion,,
3,JONAS,FILASOV,TETHER,54421335,4146254360,jtether3x@nyu.edu,0,5:14 PM,4:16 PM,https://robohash.org/quododitdeleniti.png?size=200x200&set=set1,ingenieria,,
792,PARKER,ABAROUGH,MACMENEMY,99582244,9642702948,pmacmenemy3y@yahoo.com,0,11:49 PM,8:08 AM,https://robohash.org/laboreauttemporibus.bmp?size=200x200&set=set1,filosofia y letras,,
154,GALVEN,CURRY,THOMASSON,46355719,9614568725,gthomasson3z@homestead.com,0,1:16 PM,10:36 PM,https://robohash.org/inciduntidest.png?size=200x200&set=set1,derecho,,
548,ALAINE,CALLARD,BORLES,94254905,1814138698,aborles40@bluehost.com,0,11:24 AM,10:12 AM,https://robohash.org/estofficiaid.bmp?size=200x200&set=set1,medicina veterinaria y zootecnica,,
100,OCTAVIA,PAULS,TRIGGOL,31800864,7266354080,otriggol41@histats.com,0,9:32 PM,11:21 PM,https://robohash.org/quiipsamdolores.png?size=200x200&set=set1,musica,,
521,YOLANE,MORLAND,SHORD,76648037,7415182169,yshord42@paginegialle.it,0,11:33 AM,10:44 PM,https://robohash.org/voluptateearumipsa.png?size=200x200&set=set1,derecho,,
650,MURVYN,CALTON,JAYNES,31678365,8171003705,mjaynes43@flickr.com,0,10:46 PM,7:40 PM,https://robohash.org/quodomnisrepudiandae.bmp?size=200x200&set=set1,filosofia y letras,,
618,LYNNE,FULLUN,BARTHELME,44177133,1771044916,lbarthelme44@imageshack.us,0,9:50 AM,6:47 PM,https://robohash.org/adabvel.png?size=200x200&set=set1,medicina,,
451,MIRA,HEINERT,GREGOLOTTI,98645393,5426724287,mgregolotti45@apache.org,0,9:18 PM,4:13 PM,https://robohash.org/eaquaeratnostrum.jpg?size=200x200&set=set1,economia,,
324,PORTIE,WEALE,FAKELEY,75716486,4473892081,pfakeley46@sphinn.com,0,11:34 AM,11:11 PM,https://robohash.org/velitenimomnis.jpg?size=200x200&set=set1,artes y diseño,,
237,DAWNA,POINTING,SCHULKE,43940678,5081392196,dschulke47@ehow.com,0,10:52 AM,4:58 PM,https://robohash.org/consequaturquidemnecessitatibus.jpg?size=200x200&set=set1,ciencias,,
385,JAKOB,JEANNEAU,HAWTRY,22018351,2619115276,jhawtry48@nydailynews.com,0,7:17 PM,11:24 AM,https://robohash.org/utiurealiquam.bmp?size=200x200&set=set1,ciencias politicas y sociales,,
322,JULIET,OSWELL,ALENIKOV,10158566,6653907155,jalenikov49@wikipedia.org,0,8:05 PM,5:29 PM,https://robohash.org/nondelenitiet.bmp?size=200x200&set=set1,derecho,,
78,MELONIE,BOTHEN,CLEALL,53493075,2112503149,mcleall4a@seesaa.net,0,1:19 PM,8:17 AM,https://robohash.org/officiisbeataesequi.png?size=200x200&set=set1,derecho,,
774,MELITA,SCHANKEL,LAPWOOD,3973531,9048554463,mlapwood4b@yahoo.com,0,10:13 PM,3:02 PM,https://robohash.org/maioressimiliqueconsequuntur.bmp?size=200x200&set=set1,medicina veterinaria y zootecnica,,
62,ALYOSHA,BURNETT,GUNNEY,64476414,1262519583,agunney4c@slate.com,0,9:56 AM,8:01 AM,https://robohash.org/quibusdamimpeditaut.jpg?size=200x200&set=set1,contaduria y administracion,,
647,ROLANDO,GRAALMANS,HUDDLESTONE,99475296,2256977330,rhuddlestone4d@microsoft.com,0,5:29 PM,10:27 AM,https://robohash.org/evenietetsoluta.bmp?size=200x200&set=set1,derecho,,
561,BENDICK,BAREFOOT,MCREIDY,5136214,4778215579,bmcreidy4e@paginegialle.it,0,8:05 PM,3:38 PM,https://robohash.org/beataevelsequi.jpg?size=200x200&set=set1,psicologia,,
425,RUPERTO,ROSANDER,ROGEZ,80342915,2477733055,rrogez4f@addtoany.com,0,8:17 PM,1:40 PM,https://robohash.org/quisquamremquia.png?size=200x200&set=set1,psicologia,,
628,KEARY,JILKES,KENEFICK,35808259,1146333848,kkenefick4g@tmall.com,0,4:51 PM,10:24 PM,https://robohash.org/perspiciatiseaquenon.bmp?size=200x200&set=set1,artes y diseño,,
689,HELENA,NICKOLES,GILLINGHAM,77182745,8257897450,hgillingham4h@china.com.cn,0,4:57 PM,11:39 PM,https://robohash.org/eafugiatest.png?size=200x200&set=set1,psicologia,,
139,SHANAN,BARTOLETTI,JENDRACH,88968798,9513506081,sjendrach4i@pagesperso-orange.fr,0,1:04 PM,11:24 AM,https://robohash.org/suntodiovitae.jpg?size=200x200&set=set1,economia,,
142,MAGDA,WHYSALL,SHACKESBY,9426636,9389343952,mshackesby4j@scientificamerican.com,0,9:46 AM,2:17 PM,https://robohash.org/eosrationeanimi.bmp?size=200x200&set=set1,artes y diseño,,
604,TIFFIE,RESTALL,STACE,66141367,5337772019,tstace4k@bloglovin.com,0,8:17 PM,4:27 PM,https://robohash.org/quovelitet.jpg?size=200x200&set=set1,economia,,
44,LUDOVIKA,BERGEAU,RIDGWAY,2286923,4368562097,lridgway4l@hibu.com,0,1:08 PM,6:00 PM,https://robohash.org/totamnatusiste.jpg?size=200x200&set=set1,artes y diseño,,
669,DANIA,JERWOOD,INGYON,36574412,2369078872,dingyon4m@google.it,0,9:29 AM,10:13 PM,https://robohash.org/delectusquasrepellat.png?size=200x200&set=set1,medicina,,
212,ESTELE,STUDDERT,COLLINGE,2670746,1461063932,ecollinge4n@tinyurl.com,0,3:33 PM,8:33 PM,https://robohash.org/laborerepellatet.png?size=200x200&set=set1,quimica,,
564,CHRISTEN,BEDBOROUGH,LUDLOM,15564860,8956543098,cludlom4o@nifty.com,0,5:31 PM,12:21 PM,https://robohash.org/maximequasiquia.png?size=200x200&set=set1,artes y diseño,,
59,KARLY,COLLOMOSSE,HOURIGAN,64557596,3363286826,khourigan4p@mashable.com,0,12:28 PM,10:22 AM,https://robohash.org/laboriosamatqueut.jpg?size=200x200&set=set1,contaduria y administracion,,
262,LAURIE,CRAT,MORGAN,44394130,6759959264,lmorgan4q@mapquest.com,0,6:58 PM,12:56 PM,https://robohash.org/voluptatemnonnon.png?size=200x200&set=set1,ingenieria,,
83,TOMASINA,TANSLEY,CONACHY,2046800,8069554399,tconachy4r@usgs.gov,0,6:20 PM,6:04 PM,https://robohash.org/estquisquamsed.jpg?size=200x200&set=set1,artes y diseño,,
228,JANELLA,GRIZARD,KLASING,69577870,6222564304,jklasing4s@lycos.com,0,6:11 PM,4:33 PM,https://robohash.org/utculpamagni.bmp?size=200x200&set=set1,derecho,,
383,GAWAIN,SPINELLI,DEVLIN,85552560,5639971600,gdevlin4t@boston.com,0,3:58 PM,11:46 AM,https://robohash.org/etillumfugit.bmp?size=200x200&set=set1,ciencias politicas y sociales,,
584,HORT,MACGOWN,KEOGH,62222747,7233972706,hkeogh4u@theatlantic.com,0,11:05 AM,6:56 PM,https://robohash.org/eavelitreiciendis.bmp?size=200x200&set=set1,contaduria y administracion,,
169,MAJE,BOON,SUCKLING,39292656,6478490032,msuckling4v@godaddy.com,0,11:29 PM,9:53 PM,https://robohash.org/veritatisplaceatlaudantium.bmp?size=200x200&set=set1,medicina veterinaria y zootecnica,,
497,MACK,MANCKTELOW,MCDONNELL,22191715,5297072611,mmcdonnell4w@jugem.jp,0,10:36 AM,9:35 AM,https://robohash.org/itaqueautcorrupti.bmp?size=200x200&set=set1,ingenieria,,
682,ABEL,TRIGGLE,BRIDELL,17881512,8759228955,abridell4x@bbb.org,0,5:04 PM,1:39 PM,https://robohash.org/aliquidsuntquaerat.bmp?size=200x200&set=set1,filosofia y letras,,
82,DUR,GRAHL,ROSENTHALER,2215474,4624298349,drosenthaler4y@hud.gov,0,9:40 AM,10:52 AM,https://robohash.org/sitoccaecatianimi.jpg?size=200x200&set=set1,medicina veterinaria y zootecnica,,
283,JENILEE,MITKIN,PRENDERGAST,67477330,4121702810,jprendergast4z@stumbleupon.com,0,8:02 AM,9:23 PM,https://robohash.org/maximeassumendaest.bmp?size=200x200&set=set1,ciencias,,
269,MARIETTA,NEWLIN,NARDI,19803094,4092233656,mnardi50@clickbank.net,0,11:25 PM,8:29 AM,https://robohash.org/fugitducimusdolores.bmp?size=200x200&set=set1,contaduria y administracion,,
736,GLENNIE,DELAGUA,WEHNER,82048200,9042788142,gwehner51@intel.com,0,8:50 PM,10:40 PM,https://robohash.org/illosedvoluptatibus.bmp?size=200x200&set=set1,musica,,
544,AERIEL,PICARDO,ACUM,40895922,3391246516,aacum52@symantec.com,0,8:54 PM,11:17 PM,https://robohash.org/consequaturautemreprehenderit.bmp?size=200x200&set=set1,filosofia y letras,,
207,WORTHY,SWANTON,LAMBOT,64808997,2921937935,wlambot53@wp.com,0,9:41 PM,8:42 PM,https://robohash.org/ethicducimus.jpg?size=200x200&set=set1,derecho,,
112,LINOEL,LOFTIE,IRCE,33821511,5899889382,lirce54@ebay.co.uk,0,4:30 PM,9:43 AM,https://robohash.org/rerumetsapiente.bmp?size=200x200&set=set1,musica,,
649,EMLEN,WADELIN,O'BRADAIN,86607407,2757696078,eobradain55@tinyurl.com,0,4:49 PM,7:46 PM,https://robohash.org/inciduntdebitisexercitationem.png?size=200x200&set=set1,ciencias,,
58,SHANA,FRANC,GENNERICH,51501855,1316361849,sgennerich56@nytimes.com,0,8:58 AM,9:42 PM,https://robohash.org/repudiandaequaeeligendi.png?size=200x200&set=set1,contaduria y administracion,,
679,TIMOTHEUS,MALYAN,EYTEL,95377974,8182437722,teytel57@accuweather.com,0,10:56 AM,1:34 PM,https://robohash.org/quipariaturfugit.jpg?size=200x200&set=set1,economia,,
551,LAYNEY,MCINNERY,FLIPPELLI,27634419,9923600794,lflippelli58@linkedin.com,0,11:36 AM,7:04 PM,https://robohash.org/voluptasquiconsectetur.jpg?size=200x200&set=set1,psicologia,,
432,JUANITA,ARNATT,CRUDGINGTON,81331717,5218122241,jcrudgington59@nytimes.com,0,6:16 PM,1:11 PM,https://robohash.org/eiuseaiste.png?size=200x200&set=set1,medicina,,
441,PRISCILLA,BARTELL,EWART,94397945,4653935777,pewart5a@china.com.cn,0,9:31 PM,1:48 PM,https://robohash.org/eumquiaatque.png?size=200x200&set=set1,arquitectura,,
481,GALLAGHER,LISCIANDRO,EBORN,11164604,3224883878,geborn5b@mtv.com,0,5:14 PM,9:52 AM,https://robohash.org/absolutaid.bmp?size=200x200&set=set1,ingenieria,,
498,COSTANZA,SUART,SINFIELD,83786432,1565215576,csinfield5c@nih.gov,0,6:32 PM,10:32 PM,https://robohash.org/accusantiumquiaprovident.png?size=200x200&set=set1,filosofia y letras,,
68,EVVY,ENGLEFIELD,ORRISS,63542244,9714400767,eorriss5d@discovery.com,0,12:26 PM,10:00 AM,https://robohash.org/errorveniamvoluptatum.bmp?size=200x200&set=set1,medicina,,
204,SHAYNA,GLASERMAN,STANBOROUGH,25364801,7093785312,sstanborough5e@alexa.com,0,11:23 PM,7:23 PM,https://robohash.org/sequirerumcumque.png?size=200x200&set=set1,psicologia,,
591,BARTOLOMEO,BUSHNELL,WALENTYNOWICZ,25277908,2416914270,bwalentynowicz5f@g.co,0,9:42 PM,10:06 AM,https://robohash.org/idundevelit.png?size=200x200&set=set1,musica,,
564,JO-ANN,HAWARD,AVELINE,84434301,5212083140,javeline5g@dedecms.com,0,12:47 PM,10:42 PM,https://robohash.org/suntarchitectosaepe.jpg?size=200x200&set=set1,economia,,
772,CHRISTIN,DULANY,GRAUNDISSON,53451021,6412461660,cgraundisson5h@technorati.com,0,11:36 AM,6:56 PM,https://robohash.org/sitoptiodolorem.bmp?size=200x200&set=set1,odontologia,,
706,CARLIN,DE VRIES,SIPSON,67920312,6631986687,csipson5i@harvard.edu,0,10:27 PM,12:51 PM,https://robohash.org/voluptaspossimusin.png?size=200x200&set=set1,arquitectura,,
176,CONNI,LAURITZEN,MAGARRELL,19584303,7121620774,cmagarrell5j@geocities.jp,0,10:04 AM,9:19 PM,https://robohash.org/nonullamquis.png?size=200x200&set=set1,filosofia y letras,,
626,HANNAH,HOFNER,ZAMBONINI,61802020,4154125657,hzambonini0@nifty.com,0,8:52 AM,10:04 AM,https://robohash.org/voluptasremquidem.bmp?size=200x200&set=set1,,Instituto de Matemáticas,
112,JUSTINA,BENEZE,HAYEN,40929824,8731331312,jhayen1@tinypic.com,0,10:23 PM,8:57 PM,https://robohash.org/sitaliquamimpedit.png?size=200x200&set=set1,,Instituto de Matemáticas,
456,CIRILLO,AIZIKOVITCH,PATRICHE,46877893,4306347354,cpatriche2@soup.io,0,5:11 PM,5:16 PM,https://robohash.org/blanditiiseiusmaxime.jpg?size=200x200&set=set1,,Instituto de Neurobiología,
381,EDELINE,BUTTERY,BUSTON,21939157,8805030994,ebuston3@mit.edu,0,6:01 PM,4:21 PM,https://robohash.org/perferendisutmaiores.jpg?size=200x200&set=set1,,Instituto de Ingeniería,
286,VIOLETTE,MELLERS,TINKLIN,40081683,4373612668,vtinklin4@cisco.com,0,6:45 PM,7:14 PM,https://robohash.org/liberoadipiscitempora.jpg?size=200x200&set=set1,,Instituto de Física,
287,WITTIE,BOTTINELLI,YARR,54836264,9006764394,wyarr5@123-reg.co.uk,0,9:23 PM,9:08 AM,https://robohash.org/consequaturveritatisharum.png?size=200x200&set=set1,,Instituto de Investigaciones Bibliográficas,
663,GERARDO,BUSHNELL,MITHUN,22326136,3603802922,gmithun6@technorati.com,0,7:13 PM,6:53 PM,https://robohash.org/vitaevoluptaset.bmp?size=200x200&set=set1,,Instituto de Biología,
194,MICHAELLA,BROOKBANK,MCWHINNIE,12934364,5572002788,mmcwhinnie7@godaddy.com,0,11:40 AM,4:34 PM,https://robohash.org/utetdolore.bmp?size=200x200&set=set1,,Instituto de Biotecnología,
623,EMERA,FLEWITT,CROWTER,43526077,9519147906,ecrowter8@list-manage.com,0,8:05 PM,9:53 PM,https://robohash.org/consequaturipsamdoloremque.png?size=200x200&set=set1,,Instituto de Investigaciones sobre la Universidad y la Educación,
106,RAYNELL,DE AMBROSIS,SWYNLEY,91674805,4288693265,rswynley9@smugmug.com,0,10:49 AM,10:10 PM,https://robohash.org/quianonatque.png?size=200x200&set=set1,,Instituto de Investigaciones Históricas,
756,SOPHIE,MURRELL,BRAMONT,77087294,5272268472,sbramonta@state.gov,0,11:25 PM,9:39 PM,https://robohash.org/utsedquis.bmp?size=200x200&set=set1,,Instituto de Investigaciones Bibliográficas,
741,DENY,SACH,SALADINO,98144700,2856218086,dsaladinob@vinaora.com,0,1:22 PM,1:54 PM,https://robohash.org/numquamreprehenderitvoluptas.png?size=200x200&set=set1,,Instituto de Ciencias Nucleares,
653,OLYMPE,OULD,PICOTT,2469415,6095436140,opicottc@phoca.cz,0,11:37 PM,2:17 PM,https://robohash.org/sedullameaque.png?size=200x200&set=set1,,Instituto de Investigaciones Sociales,
293,DANTE,PIGNON,SEYWOOD,78577062,5601084725,dseywoodd@fda.gov,0,8:00 PM,2:29 PM,https://robohash.org/veromaioresducimus.bmp?size=200x200&set=set1,,Instituto de Ciencias del Mar y Limnología,
409,RONA,LORRAWAY,KASPARSKI,18498189,8724775117,rkasparskie@bing.com,0,11:45 AM,9:11 AM,https://robohash.org/utnequeanimi.bmp?size=200x200&set=set1,,Instituto de Ciencias Físicas,
651,LIBBIE,BREYDIN,BENJAFIELD,75377714,4103692853,lbenjafieldf@blogs.com,0,10:54 AM,10:52 AM,https://robohash.org/etillovoluptatem.bmp?size=200x200&set=set1,,Instituto de Investigaciones Biomédicas,
770,CLAUDETTA,MACPAIKE,DACH,59651657,7679423071,cdachg@noaa.gov,0,11:24 AM,3:29 PM,https://robohash.org/isteiurevitae.jpg?size=200x200&set=set1,,Instituto de Investigaciones en Matemáticas Aplicadas y en Sistemas,
256,MEL,SIVES,OVERPOOL,55457181,3221260655,moverpoolh@miibeian.gov.cn,0,4:12 PM,11:52 PM,https://robohash.org/adipisciconsequaturexpedita.bmp?size=200x200&set=set1,,Instituto de Investigaciones en Ecosistemas y Sustentabilidad,
382,MERYL,HUCKIN,HENDRON,48476643,2228392611,mhendroni@is.gd,0,7:13 PM,8:38 AM,https://robohash.org/cumquenobisdeleniti.jpg?size=200x200&set=set1,,Instituto de Investigaciones Bibliotecológicas y de la Información,
422,FRED,GREWE,WOLOSCHINSKI,10069955,6879247780,fwoloschinskij@google.com.hk,0,9:33 AM,11:40 PM,https://robohash.org/suntetdeleniti.png?size=200x200&set=set1,,Instituto de Investigaciones en Matemáticas Aplicadas y en Sistemas,
411,HASHEEM,DELL,RITCHARD,31744160,4799589306,hritchardk@stanford.edu,0,1:34 PM,1:22 PM,https://robohash.org/excepturimaioresab.jpg?size=200x200&set=set1,,Instituto de Fisiología Celular,
574,ALECIA,RACHER,MABBS,58562423,9842657666,amabbsl@infoseek.co.jp,0,11:38 AM,11:16 PM,https://robohash.org/etaperiamporro.jpg?size=200x200&set=set1,,Instituto de Investigaciones Económicas,
183,JOHNETTE,BRENARD,ORTS,18906860,5967711840,jortsm@plala.or.jp,0,1:49 PM,11:57 PM,https://robohash.org/perspiciatisundeodio.bmp?size=200x200&set=set1,,Instituto de Investigaciones en Materiales,
370,ELENE,IACOVOZZO,BONANNO,15257873,5483439018,ebonannon@livejournal.com,0,6:32 PM,11:08 AM,https://robohash.org/fugadoloresperspiciatis.jpg?size=200x200&set=set1,,Instituto de Geografía,
425,MARIETTE,MOREBY,PERTON,56799979,5301599155,mpertono@4shared.com,0,6:20 PM,7:57 PM,https://robohash.org/quisquametillum.bmp?size=200x200&set=set1,,Instituto de Investigaciones Bibliográficas,
190,LIBBY,BECKMANN,WARNE,40532760,7009552149,lwarnep@amazon.de,0,2:50 PM,4:21 PM,https://robohash.org/eumestaliquam.png?size=200x200&set=set1,,Instituto de Investigaciones Sociales,
15,DENYS,FISHBURN,DANE,61872546,1415534482,ddaneq@pinterest.com,0,8:36 AM,7:36 PM,https://robohash.org/etquisdolor.jpg?size=200x200&set=set1,,Instituto de Ciencias del Mar y Limnología,
1,KIPP,DESBOROUGH,MALENEY,1527445,8651806319,kmaleneyr@livejournal.com,0,4:37 PM,11:43 PM,https://robohash.org/corruptidoloresnon.bmp?size=200x200&set=set1,,Instituto de Energías Renovables,
203,SAY,NORGAN,WEIR,70622950,7898124095,sweirs@hibu.com,0,12:01 PM,8:21 PM,https://robohash.org/mollitiaestpariatur.png?size=200x200&set=set1,,Instituto de Ciencias Aplicadas y Tecnología,
317,TODDY,GAMMAGE,GREETLAND,78679439,5908702581,tgreetlandt@epa.gov,0,2:56 PM,1:46 PM,https://robohash.org/eaaaut.jpg?size=200x200&set=set1,,Instituto de Ingeniería,
600,EVIN,SPEDDIN,BALASSI,74910866,1037403874,ebalassiu@networkadvertising.org,0,2:53 PM,11:15 AM,https://robohash.org/errorsedcorporis.bmp?size=200x200&set=set1,,Instituto de Investigaciones en Materiales,
643,BERT,BURNISTON,CHELLENHAM,14756803,5238427816,bchellenhamv@sina.com.cn,0,8:55 AM,3:42 PM,https://robohash.org/isteeosnatus.bmp?size=200x200&set=set1,,Instituto de Biología,
226,MADONNA,EWINGTON,WAINSCOAT,94440355,6373336672,mwainscoatw@addtoany.com,0,8:18 AM,9:49 AM,https://robohash.org/rerumeosquia.bmp?size=200x200&set=set1,,Instituto de Investigaciones en Ecosistemas y Sustentabilidad,
184,ROMAN,JEYNESS,ECCLESTONE,92871664,9055969559,recclestonex@unblog.fr,0,8:36 AM,9:44 PM,https://robohash.org/quoscommodiaccusamus.jpg?size=200x200&set=set1,,Instituto de Investigaciones Bibliográficas,
789,MARI,LANCLEY,BIDDISS,34210241,2256083001,mbiddissy@wiley.com,0,10:34 AM,3:06 PM,https://robohash.org/voluptasutdolor.png?size=200x200&set=set1,,Instituto de Física,
447,LAYTON,CHALFAIN,LICCIARDELLO,17991386,1196532483,llicciardelloz@furl.net,0,10:15 PM,1:26 PM,https://robohash.org/quiutminima.bmp?size=200x200&set=set1,,Instituto de Investigaciones Jurídicas,
341,JOBIE,LILLGARD,SAHNOW,46541194,3796591262,jsahnow10@archive.org,0,11:04 AM,12:10 PM,https://robohash.org/voluptatibuscorporiset.bmp?size=200x200&set=set1,,Instituto de Geofísica,
466,SIBLEY,DEVERAUX,PINILLA,48259910,8324778906,spinilla11@is.gd,0,11:23 PM,1:59 PM,https://robohash.org/etillumitaque.bmp?size=200x200&set=set1,,Instituto de Investigaciones Económicas,
293,RANDA,FILLS,NEWBOLD,5057827,6694353090,rnewbold12@vk.com,0,11:15 PM,12:56 PM,https://robohash.org/utestvoluptatem.png?size=200x200&set=set1,,Instituto de Investigaciones en Ecosistemas y Sustentabilidad,
386,ROBBIE,BECKINSALL,TUDBALD,62317312,4968149773,rtudbald13@baidu.com,0,11:08 PM,5:57 PM,https://robohash.org/placeatilloquas.jpg?size=200x200&set=set1,,Instituto de Geofísica,
402,THOMASIN,DOSWELL,DUFFREE,83904007,3158985028,tduffree14@google.com,0,9:01 AM,12:19 PM,https://robohash.org/dictaesteos.bmp?size=200x200&set=set1,,Instituto de Geografía,
81,BERT,DRINKEL,HUGHILL,63979311,3545522389,bhughill15@canalblog.com,0,9:39 AM,1:25 PM,https://robohash.org/enimquidemillum.bmp?size=200x200&set=set1,,Instituto de Biotecnología,
250,QUINTILLA,FRICKEY,RIGEBY,46021405,8769233412,qrigeby16@amazon.co.jp,0,9:42 PM,1:53 PM,https://robohash.org/enimperspiciatismaxime.png?size=200x200&set=set1,,Instituto de Biología,
769,TRIXI,MACQUAKER,PENKMAN,48210678,3512572729,tpenkman17@prnewswire.com,0,7:25 PM,1:32 PM,https://robohash.org/esseadipiscivoluptatem.jpg?size=200x200&set=set1,,Instituto de Investigaciones Filosóficas,
304,LUKAS,WINTERBOTHAM,AASAF,4668630,2633327746,laasaf18@state.tx.us,0,4:49 PM,12:12 PM,https://robohash.org/odioveropraesentium.png?size=200x200&set=set1,,Instituto de Investigaciones Históricas,
417,BAXTER,MACFAYDEN,BLETSO,17642735,2938498116,bbletso19@goo.ne.jp,0,9:07 AM,10:18 AM,https://robohash.org/quossedsuscipit.jpg?size=200x200&set=set1,,Instituto de Investigaciones en Ecosistemas y Sustentabilidad,
553,CATHY,O'SCOLLAIN,POORE,88958971,4713692418,cpoore1a@marketwatch.com,0,3:55 PM,9:19 AM,https://robohash.org/quirerumerror.png?size=200x200&set=set1,,Instituto de Investigaciones en Ecosistemas y Sustentabilidad,
365,ANALLISE,GARAHAN,JOUBERT,50658072,1757874858,ajoubert1b@yandex.ru,0,10:19 PM,6:42 PM,https://robohash.org/debitisetad.bmp?size=200x200&set=set1,,Instituto de Investigaciones Filosóficas,
204,EL,PRIVETT,GREENHALF,92952345,9994994763,egreenhalf1c@ow.ly,0,8:07 PM,9:07 AM,https://robohash.org/dolorquiofficia.jpg?size=200x200&set=set1,,Instituto de Investigaciones Bibliotecológicas y de la Información,
479,DALILA,KAPELHOFF,BURGON,73732948,6609417001,dburgon1d@loc.gov,0,9:19 PM,9:16 AM,https://robohash.org/laudantiumodiodolorum.bmp?size=200x200&set=set1,,Instituto de Investigaciones Filológicas,
479,TEMPLE,KIRRAGE,BADROCK,1940343,6068333550,tbadrock1e@creativecommons.org,0,1:15 PM,5:01 PM,https://robohash.org/veritatissintratione.jpg?size=200x200&set=set1,,Instituto de Geofísica,
512,TIMOTHY,PETCHELL,CASSERLY,63957567,5062059030,tcasserly1f@privacy.gov.au,0,10:16 PM,6:08 PM,https://robohash.org/quiaabsunt.bmp?size=200x200&set=set1,,Instituto de Investigaciones sobre la Universidad y la Educación,
391,OLLIE,HOWSAN,PRESNALL,84429904,2081929177,opresnall1g@elegantthemes.com,0,9:24 AM,6:18 PM,https://robohash.org/corporisaccusantiumconsequatur.bmp?size=200x200&set=set1,,Instituto de Investigaciones Estéticas,
503,ODIE,KENYON,FALTSKOG,54102332,2061059613,ofaltskog1h@163.com,0,5:02 PM,11:42 PM,https://robohash.org/voluptassuntincidunt.png?size=200x200&set=set1,,Instituto de Investigaciones en Materiales,
526,DORETTE,ELCUM,DUBS,63928762,3681044932,ddubs1i@sina.com.cn,0,9:12 PM,3:10 PM,https://robohash.org/beataeerrorquaerat.png?size=200x200&set=set1,,Instituto de Investigaciones en Matemáticas Aplicadas y en Sistemas,
293,ARMSTRONG,FAULKES,GOWERS,78162899,6285881071,agowers1j@accuweather.com,0,8:56 PM,4:39 PM,https://robohash.org/voluptatemutimpedit.jpg?size=200x200&set=set1,,Instituto de Investigaciones Bibliotecológicas y de la Información,
552,CELESTYN,SUTHERNS,STOBBE,50903495,9089871840,cstobbe1k@paypal.com,0,5:40 PM,8:18 PM,https://robohash.org/omnispariaturquidem.png?size=200x200&set=set1,,Instituto de Ecología,
607,GARVIN,REICHARDT,BOWART,38353659,5712498631,gbowart1l@ehow.com,0,4:44 PM,4:33 PM,https://robohash.org/animivoluptatemnatus.png?size=200x200&set=set1,,Instituto de Geología,
693,ULISES,TRUGGIAN,PAUTOT,63176970,7305890385,upautot1m@hibu.com,0,1:07 PM,3:47 PM,https://robohash.org/isteveritatisin.jpg?size=200x200&set=set1,,Instituto de Ecología,
759,ALVY,BETTENSON,MCKEIGHEN,71491462,6063378124,amckeighen1n@springer.com,0,9:28 PM,8:51 AM,https://robohash.org/estfacereiure.png?size=200x200&set=set1,,Instituto de Ciencias Nucleares,
70,HYACINTHA,CASERO,CICCO,87288067,6219790452,hcicco1o@furl.net,0,10:31 AM,7:46 PM,https://robohash.org/enimaccusantiumaliquam.bmp?size=200x200&set=set1,,Instituto de Investigaciones Biomédicas,
113,QUINTANA,UMBERS,YAKOBOWITCH,65389426,1727772422,qyakobowitch1p@amazon.co.jp,0,9:03 PM,9:34 AM,https://robohash.org/laborumcumeos.jpg?size=200x200&set=set1,,Instituto de Geología,
103,AARON,COBAIN,MATUSHEVICH,93313251,9801374571,amatushevich1q@sourceforge.net,0,4:00 PM,10:46 PM,https://robohash.org/doloreeaquea.bmp?size=200x200&set=set1,,Instituto de Investigaciones en Materiales,
135,WAYNE,CURRELL,HUCKERBE,52919556,3335868950,whuckerbe1r@issuu.com,0,11:33 PM,1:07 PM,https://robohash.org/illumlaboriosamexcepturi.jpg?size=200x200&set=set1,,Instituto de Investigaciones Sociales,
414,MADDIE,RANGER,HEDGELEY,73266094,9644889504,mhedgeley1s@engadget.com,0,8:14 AM,6:06 PM,https://robohash.org/quiavitaeimpedit.bmp?size=200x200&set=set1,,Instituto de Geografía,
30,MELAMIE,VENUS,THORINGTON,54755542,7184305204,mthorington1t@amazon.de,0,1:08 PM,8:52 PM,https://robohash.org/voluptatemveroofficia.png?size=200x200&set=set1,,Instituto de Matemáticas,
76,DEAN,LUDWIG,ALWIN,48283176,9789375018,dalwin1u@fotki.com,0,8:28 AM,11:46 PM,https://robohash.org/odiolaborumaut.jpg?size=200x200&set=set1,,Instituto de Fisiología Celular,
149,MELANTHA,ZECCHII,BATHURST,17551294,9458077311,mbathurst1v@purevolume.com,0,9:47 AM,7:14 PM,https://robohash.org/quiutcorporis.jpg?size=200x200&set=set1,,Instituto de Investigaciones Antropológicas,
702,ISIDORA,WOODISON,AIRDS,85227597,4011444009,iairds1w@exblog.jp,0,1:07 PM,8:41 PM,https://robohash.org/inventoreofficiisut.jpg?size=200x200&set=set1,,Instituto de Investigaciones Económicas,
386,AUDY,SPRIONGHALL,MAMMATT,93949776,1538430404,amammatt1x@squarespace.com,0,10:14 AM,8:07 PM,https://robohash.org/quaeratquiaquod.bmp?size=200x200&set=set1,,Instituto de Ecología,
533,DEHLIA,GERCKENS,SODA,57604846,3184580384,dsoda1y@hatena.ne.jp,0,7:51 PM,12:53 PM,https://robohash.org/inmagnamdolorum.bmp?size=200x200&set=set1,,Instituto de Investigaciones en Matemáticas Aplicadas y en Sistemas,
37,FLOSSY,ELLINGSWORTH,KARET,94578316,7896585773,fkaret1z@woothemes.com,0,12:01 PM,10:38 AM,https://robohash.org/quiautomnis.bmp?size=200x200&set=set1,,Instituto de Investigaciones sobre la Universidad y la Educación,
595,ANNADIANA,TUXSELL,NUCCITELLI,59413231,9862567598,anuccitelli20@unc.edu,0,3:08 PM,1:24 PM,https://robohash.org/temporibusetdoloribus.bmp?size=200x200&set=set1,,Instituto de Investigaciones Antropológicas,
757,GERRI,SHIRRELL,FREDI,63599260,6153032948,gfredi21@abc.net.au,0,9:14 AM,2:59 PM,https://robohash.org/assumendabeataelaborum.bmp?size=200x200&set=set1,,Instituto de Investigaciones Filosóficas,
99,MARJORY,SHUTTLE,BINGLEY,35469946,3869242807,mbingley22@w3.org,0,3:18 PM,10:59 AM,https://robohash.org/enimeosvoluptatem.png?size=200x200&set=set1,,Instituto de Ecología,
659,DATHA,BRIAT,TREMATHICK,17904849,5758586486,dtremathick23@creativecommons.org,0,10:40 AM,12:48 PM,https://robohash.org/quasitemporibusaut.bmp?size=200x200&set=set1,,Instituto de Geografía,
396,KIMBERLEY,ABDON,WAKER,63019526,9921388405,kwaker24@furl.net,0,7:06 PM,4:24 PM,https://robohash.org/consequaturnihilrepudiandae.bmp?size=200x200&set=set1,,Instituto de Neurobiología,
506,ALISTER,TUCK,ALBRIGHTON,83742494,8605910435,aalbrighton25@sciencedirect.com,0,10:27 PM,5:18 PM,https://robohash.org/impeditvelitinventore.bmp?size=200x200&set=set1,,Instituto de Ciencias del Mar y Limnología,
410,STORM,CORONADO,STALLARD,40895847,2558742251,sstallard26@google.com.au,0,4:19 PM,8:42 PM,https://robohash.org/voluptatemquibusdamvoluptas.png?size=200x200&set=set1,,Instituto de Investigaciones en Ecosistemas y Sustentabilidad,
286,HUBERT,DAWIDOWITSCH,NATHON,95721577,1482361577,hnathon27@ted.com,0,8:47 AM,9:31 AM,https://robohash.org/recusandaeadipiscidignissimos.bmp?size=200x200&set=set1,,Instituto de Investigaciones Bibliográficas,
546,BRENDIN,TARBATT,SEAMER,69114754,1964637765,bseamer28@cisco.com,0,3:50 PM,8:50 PM,https://robohash.org/aliquiddoloremquequia.bmp?size=200x200&set=set1,,Instituto de Investigaciones sobre la Universidad y la Educación,
415,LANIE,CIRIC,POTTER,76765739,4945092378,lpotter29@diigo.com,0,10:40 AM,8:42 PM,https://robohash.org/suscipitetofficia.png?size=200x200&set=set1,,Instituto de Ciencias del Mar y Limnología,
726,ANYA,LACKNOR,CARDUS,41799928,9647608891,acardus2a@redcross.org,0,7:46 PM,2:42 PM,https://robohash.org/beataeetomnis.jpg?size=200x200&set=set1,,Instituto de Investigaciones Bibliográficas,
676,CECILY,SCOGGAN,WOGAN,53104737,2652214042,cwogan2b@godaddy.com,0,11:01 AM,3:24 PM,https://robohash.org/molestiaeaccusamuscum.bmp?size=200x200&set=set1,,Instituto de Investigaciones Económicas,
563,DANTE,KYDD,PHILPS,12513084,2341523783,dphilps2c@google.com,0,11:06 PM,1:55 PM,https://robohash.org/teneturrecusandaedolor.png?size=200x200&set=set1,,Instituto de Ciencias Nucleares,
584,ADELINA,ODELL,BOWLING,26578408,7771662855,abowling2d@sina.com.cn,0,12:32 PM,12:38 PM,https://robohash.org/voluptatemvoluptasaperiam.jpg?size=200x200&set=set1,,Instituto de Ecología,
800,KIPP,HENDERSON,RENZULLO,22624184,3851447453,krenzullo2e@amazon.de,0,10:14 PM,10:15 AM,https://robohash.org/quiaearumcumque.jpg?size=200x200&set=set1,,Instituto de Energías Renovables,
515,KIT,BOON,DANOVICH,38346283,8021809647,kdanovich2f@eepurl.com,0,2:38 PM,3:08 PM,https://robohash.org/accusantiumofficiaconsectetur.png?size=200x200&set=set1,,Instituto de Investigaciones Jurídicas,
684,REDD,POCK,GOGAN,93665578,2366967884,rgogan2g@abc.net.au,0,10:50 AM,5:10 PM,https://robohash.org/doloresnequeet.bmp?size=200x200&set=set1,,Instituto de Física,
521,GARVIN,AVRAHAMOV,PANTONE,58186458,4807364080,gpantone2h@privacy.gov.au,0,11:08 PM,6:50 PM,https://robohash.org/abexpeditaoptio.jpg?size=200x200&set=set1,,Instituto de Investigaciones Económicas,
723,BARBEE,REVELLE,DUFOUR,70045993,5736856579,bdufour2i@cdc.gov,0,5:39 PM,8:48 PM,https://robohash.org/quiadictapariatur.jpg?size=200x200&set=set1,,Instituto de Biotecnología,
570,MINDA,BLOFELD,VARGA,484286,3444398042,mvarga2j@fastcompany.com,0,10:32 PM,8:33 PM,https://robohash.org/namodioerror.jpg?size=200x200&set=set1,,Instituto de Química,
368,BRADAN,DEEHAN,DEVEY,10110470,5149234541,bdevey2k@drupal.org,0,8:07 AM,5:08 PM,https://robohash.org/molestiaeidet.jpg?size=200x200&set=set1,,Instituto de Investigaciones Económicas,
751,BURLIE,BROCKHOUSE,WELDS,94458767,1563187187,bwelds2l@census.gov,0,1:44 PM,9:06 PM,https://robohash.org/ducimusquisminima.bmp?size=200x200&set=set1,,Instituto de Geología,
308,ETTI,BOHAN,FORSYTHE,60259973,1876331147,eforsythe2m@geocities.jp,0,7:53 PM,1:02 PM,https://robohash.org/fugaiurequidem.png?size=200x200&set=set1,,Instituto de Investigaciones Filológicas,
609,ANGELICO,GREMAIN,HODGE,35794245,6268785629,ahodge2n@nhs.uk,0,10:56 AM,2:12 PM,https://robohash.org/deseruntsedincidunt.jpg?size=200x200&set=set1,,Instituto de Geología,
723,NERTIE,SPILLANE,STORCKE,95443527,1738630461,nstorcke2o@1688.com,0,2:30 PM,10:07 AM,https://robohash.org/doloretet.png?size=200x200&set=set1,,Instituto de Fisiología Celular,
405,RALEIGH,DUDDY,WILLOWS,90514576,3013095175,rwillows2p@usgs.gov,0,9:35 AM,9:27 PM,https://robohash.org/temporecupiditateomnis.bmp?size=200x200&set=set1,,Instituto de Fisiología Celular,
660,SHERI,HALLET,TEATHER,82225740,1892237434,steather2q@scientificamerican.com,0,9:08 PM,11:40 AM,https://robohash.org/quiaautemet.bmp?size=200x200&set=set1,,Instituto de Investigaciones Históricas,
758,GABBIE,SKYDALL,AGUIRREZABALA,78832807,4859717253,gaguirrezabala2r@latimes.com,0,7:49 PM,1:22 PM,https://robohash.org/ipsumineius.bmp?size=200x200&set=set1,,Instituto de Investigaciones en Matemáticas Aplicadas y en Sistemas,
115,PAMELLA,CRACOE,KIRLEY,27002886,1856920992,pkirley2s@drupal.org,0,12:14 PM,2:45 PM,https://robohash.org/estcorporisfacilis.png?size=200x200&set=set1,,Instituto de Geología,
29,MILKA,WHYLIE,MC-KERLEY,30783284,8461755042,mmckerley2t@cnet.com,0,2:17 PM,10:44 AM,https://robohash.org/eumsuntnatus.bmp?size=200x200&set=set1,,Instituto de Investigaciones Filosóficas,
201,DEMETRA,WANDREY,PADY,41952685,8764809799,dpady2u@goodreads.com,0,9:06 AM,12:48 PM,https://robohash.org/asperioresutomnis.bmp?size=200x200&set=set1,,Instituto de Investigaciones Filosóficas,
174,KAREL,MACCATHAY,HAMMERBERG,79622579,7897614228,khammerberg2v@alexa.com,0,1:50 PM,11:48 AM,https://robohash.org/quietdolorem.bmp?size=200x200&set=set1,,Instituto de Ciencias Físicas,
657,DUFF,BEYNON,BITTLESON,40647822,9739009382,dbittleson2w@wunderground.com,0,2:05 PM,11:38 PM,https://robohash.org/sitetquibusdam.jpg?size=200x200&set=set1,,Instituto de Investigaciones Antropológicas,
266,BRITTE,OXBROW,ROAF,18307296,7428495638,broaf2x@fastcompany.com,0,8:04 PM,6:21 PM,https://robohash.org/quialiasnulla.jpg?size=200x200&set=set1,,Instituto de Química,
280,DANYETTE,FOURACRE,NEWBATT,49119395,1718076145,dnewbatt2y@barnesandnoble.com,0,2:38 PM,8:34 PM,https://robohash.org/adipisciintempore.bmp?size=200x200&set=set1,,Instituto de Astronomía,
481,LYDON,COMBE,RUNACRES,30818521,5925128987,lrunacres2z@vimeo.com,0,6:44 PM,6:55 PM,https://robohash.org/vitaeplaceatadipisci.bmp?size=200x200&set=set1,,Instituto de Ciencias Físicas,
251,DODE,PLASCHKE,TILNE,73440449,1512751129,dtilne30@buzzfeed.com,0,2:32 PM,11:25 AM,https://robohash.org/etnullamagnam.jpg?size=200x200&set=set1,,Instituto de Investigaciones en Matemáticas Aplicadas y en Sistemas,
319,FARA,D'AGUANNO,CAPNERHURST,91919068,1078676665,fcapnerhurst31@apple.com,0,3:59 PM,12:18 PM,https://robohash.org/suntmagninisi.png?size=200x200&set=set1,,Instituto de Investigaciones Jurídicas,
68,FLOSSI,RAINARD,CAFF,45415683,6955514930,fcaff32@telegraph.co.uk,0,2:07 PM,4:05 PM,https://robohash.org/repudiandaeiurepossimus.bmp?size=200x200&set=set1,,Instituto de Astronomía,
776,BUTCH,CULLUM,BURNEY,79328258,3476641940,bburney33@sciencedaily.com,0,1:20 PM,1:03 PM,https://robohash.org/sintquaeratofficia.jpg?size=200x200&set=set1,,Instituto de Geografía,
274,BERRI,JANNINGS,CANTOPHER,56981035,4476931127,bcantopher34@buzzfeed.com,0,9:33 AM,1:33 PM,https://robohash.org/velitbeataeducimus.jpg?size=200x200&set=set1,,Instituto de Investigaciones Antropológicas,
664,BRIANT,DROGAN,FOYNES,20607472,9343043114,bfoynes35@blogger.com,0,11:16 AM,6:08 PM,https://robohash.org/quiaperspiciatisiusto.jpg?size=200x200&set=set1,,Instituto de Geología,
617,IGNAZIO,SIMONETT,DU PLANTIER,79447544,7028514687,iduplantier36@etsy.com,0,10:02 PM,6:15 PM,https://robohash.org/eosquamipsa.png?size=200x200&set=set1,,Instituto de Geofísica,
549,BERNICE,HOURIGAN,JEAVES,64379210,2668943452,bjeaves37@irs.gov,0,9:54 AM,11:44 PM,https://robohash.org/explicabonobisunde.png?size=200x200&set=set1,,Instituto de Investigaciones Económicas,
153,JOSEPHINA,LETTEN,BLOGGETT,86263567,3652728590,jbloggett38@hao123.com,0,9:22 PM,7:35 PM,https://robohash.org/fugavoluptateodio.jpg?size=200x200&set=set1,,Instituto de Neurobiología,
657,CROSBY,BYARS,LEATHERBORROW,28434596,4365672208,cleatherborrow39@ted.com,0,8:18 AM,9:25 PM,https://robohash.org/explicaboducimusfacere.png?size=200x200&set=set1,,Instituto de Investigaciones Bibliográficas,
650,ELNA,SERJENT,BLUSCHKE,85450689,6535169221,ebluschke3a@gnu.org,0,11:22 AM,10:49 AM,https://robohash.org/possimusreprehenderitid.bmp?size=200x200&set=set1,,Instituto de Investigaciones sobre la Universidad y la Educación,
296,INNA,LEVE,OLLERENSHAW,48189828,4176617496,iollerenshaw3b@nytimes.com,0,8:56 AM,4:09 PM,https://robohash.org/nesciuntetdeleniti.jpg?size=200x200&set=set1,,Instituto de Investigaciones Antropológicas,
47,VALENTINA,ARTHEY,RIDDLE,35962328,8886337301,vriddle3c@dot.gov,0,8:32 PM,10:55 AM,https://robohash.org/quodtemporibusnon.bmp?size=200x200&set=set1,,Instituto de Astronomía,
745,TIMOFEI,HEINSCHKE,LAGADU,7132528,4508327119,tlagadu3d@elpais.com,0,3:01 PM,6:51 PM,https://robohash.org/corporisipsumqui.jpg?size=200x200&set=set1,,Instituto de Geofísica,
304,STEPHIE,SCARTH,GIACOBO,46160731,3244089501,sgiacobo3e@mail.ru,0,11:50 PM,4:24 PM,https://robohash.org/officiaadipiscivitae.jpg?size=200x200&set=set1,,Instituto de Investigaciones Antropológicas,
154,MEROLA,CRAGGS,FRIZZELL,43735187,1289348799,mfrizzell3f@forbes.com,0,5:07 PM,12:45 PM,https://robohash.org/cumquedolorumlaudantium.bmp?size=200x200&set=set1,,Instituto de Energías Renovables,
95,WANDA,POCKNELL,SALSBERG,82708218,3673315993,wsalsberg3g@networkadvertising.org,0,12:55 PM,7:57 PM,https://robohash.org/sedsitexpedita.png?size=200x200&set=set1,,Instituto de Ecología,
613,NOLA,BOGEYS,TOURNIE,65540496,5471285173,ntournie3h@blogspot.com,0,2:24 PM,9:54 AM,https://robohash.org/etsitlaborum.png?size=200x200&set=set1,,Instituto de Ciencias del Mar y Limnología,
656,QUINTUS,PANE,SAMBATH,39720608,1736728541,qsambath3i@engadget.com,0,11:51 AM,6:02 PM,https://robohash.org/totametvoluptatem.bmp?size=200x200&set=set1,,Instituto de Ecología,
284,GEOFF,IONNISIAN,KORB,93376470,4346079365,gkorb3j@webmd.com,0,8:52 PM,9:10 AM,https://robohash.org/voluptatumliberoet.png?size=200x200&set=set1,,Instituto de Investigaciones en Ecosistemas y Sustentabilidad,
255,GRETHEL,SCHOENLEITER,OLLIVIERRE,95797825,2642506286,gollivierre3k@canalblog.com,0,9:18 AM,3:00 PM,https://robohash.org/hicdolorquasi.png?size=200x200&set=set1,,Instituto de Ingeniería,
231,JEPHTHAH,CLEERE,BLACKSTOCK,98516001,2268914735,jblackstock3l@cnn.com,0,11:12 PM,11:13 AM,https://robohash.org/nequeilloveritatis.png?size=200x200&set=set1,,Instituto de Ciencias del Mar y Limnología,
219,AURELEA,KLAUS,CADAGAN,75201632,2924038160,acadagan3m@howstuffworks.com,0,8:40 PM,1:24 PM,https://robohash.org/utfugitlibero.png?size=200x200&set=set1,,Instituto de Investigaciones Filosóficas,
320,NIKOLA,HAUXBY,DAUTRY,32044739,3534200997,ndautry3n@google.it,0,11:13 PM,8:37 PM,https://robohash.org/estnihildeserunt.jpg?size=200x200&set=set1,,Instituto de Investigaciones Biomédicas,
645,ADI,MIXWORTHY,FRISDICK,63730155,7055773912,afrisdick3o@vimeo.com,0,10:17 AM,4:27 PM,https://robohash.org/suntpraesentiumeum.png?size=200x200&set=set1,,Instituto de Química,
98,KRYSTLE,CUTTEN,OGER,66066273,9929100786,koger3p@prweb.com,0,10:56 PM,8:07 AM,https://robohash.org/etquaetempore.png?size=200x200&set=set1,,Instituto de Ecología,
593,IMOGENE,KETT,KELLE,448064,2549686426,ikelle3q@quantcast.com,0,3:21 PM,8:51 AM,https://robohash.org/nonsapienteut.png?size=200x200&set=set1,,Instituto de Astronomía,
680,MORD,OLESZCUK,BLONDIN,32507424,3511187617,mblondin3r@stanford.edu,0,5:00 PM,11:41 AM,https://robohash.org/verononconsequatur.bmp?size=200x200&set=set1,,Instituto de Investigaciones Jurídicas,
348,ELISA,LOFFEL,MORCOM,68023853,7533224275,emorcom3s@wikipedia.org,0,11:20 AM,3:33 PM,https://robohash.org/ullamquinam.bmp?size=200x200&set=set1,,Instituto de Geología,
658,AUDIE,LUMOX,MONGER,94529452,6118612061,amonger3t@techcrunch.com,0,9:48 AM,5:09 PM,https://robohash.org/quilaborererum.bmp?size=200x200&set=set1,,Instituto de Ciencias Aplicadas y Tecnología,
610,YASMEEN,JEFFRIES,CANEDO,68124308,7335451721,ycanedo3u@google.com.au,0,4:48 PM,9:24 PM,https://robohash.org/minimaexcepturiconsequatur.png?size=200x200&set=set1,,Instituto de Investigaciones Filológicas,
331,LES,GIBBIE,BARDE,9016474,5919730490,lbarde3v@t-online.de,0,1:44 PM,9:34 PM,https://robohash.org/perspiciatisrerumminima.bmp?size=200x200&set=set1,,Instituto de Investigaciones en Materiales,
83,CAROL,PUMFREY,NEAME,94555679,6292889127,cneame3w@vimeo.com,0,9:07 PM,9:05 AM,https://robohash.org/quianamipsam.jpg?size=200x200&set=set1,,Instituto de Ingeniería,
715,CARIA,WESTON,FAUSCH,35993294,9757336150,cfausch3x@disqus.com,0,7:26 PM,10:40 PM,https://robohash.org/idreiciendisest.png?size=200x200&set=set1,,Instituto de Matemáticas,
234,MADELINE,ARTON,O'GROGANE,485984,7303492191,mogrogane3y@lycos.com,0,11:57 PM,1:49 PM,https://robohash.org/doloribusvelitquia.jpg?size=200x200&set=set1,,Instituto de Energías Renovables,
386,NATALEE,FRIEDLOS,BEGGIN,62282572,2935802384,nbeggin3z@columbia.edu,0,9:21 PM,2:43 PM,https://robohash.org/perspiciatissolutaneque.bmp?size=200x200&set=set1,,Instituto de Investigaciones Estéticas,
47,JAMMIE,DELORT,MERRIGAN,42478938,4061952228,jmerrigan40@census.gov,0,6:29 PM,7:43 PM,https://robohash.org/expeditautvoluptate.jpg?size=200x200&set=set1,,Instituto de Investigaciones en Ecosistemas y Sustentabilidad,
53,FRANK,BERTOME,CRETNEY,77469821,8148658150,fcretney41@dot.gov,0,3:58 PM,6:46 PM,https://robohash.org/remnulladucimus.jpg?size=200x200&set=set1,,Instituto de Investigaciones en Materiales,
326,MORGANICA,BRANDI,PINGSTON,48104197,2012313464,mpingston42@google.com.au,0,9:20 PM,9:45 PM,https://robohash.org/suscipitomnisat.bmp?size=200x200&set=set1,,Instituto de Investigaciones Históricas,
383,BRODIE,PHEAR,HEDDITEH,4729187,1182345240,bhedditeh43@posterous.com,0,5:38 PM,10:33 AM,https://robohash.org/optioquodquibusdam.bmp?size=200x200&set=set1,,Instituto de Neurobiología,
580,PATEN,CHANCE,BRADMORE,5652768,4827866592,pbradmore44@wordpress.org,0,9:36 PM,3:10 PM,https://robohash.org/voluptatemnihilducimus.jpg?size=200x200&set=set1,,Instituto de Neurobiología,
442,CONSTANTINA,GALLIENNE,FORTH,80126101,1578964978,cforth45@mediafire.com,0,3:04 PM,6:58 PM,https://robohash.org/minusperferendisporro.bmp?size=200x200&set=set1,,Instituto de Investigaciones Bibliográficas,
627,STEFAN,MADNER,MACTURLOUGH,15166832,3987200580,smacturlough46@freewebs.com,0,8:16 AM,9:38 AM,https://robohash.org/perferendisetblanditiis.png?size=200x200&set=set1,,Instituto de Biología,
88,GNNI,CASOTTI,TILIO,27037230,6618090173,gtilio47@cafepress.com,0,7:52 PM,1:53 PM,https://robohash.org/officiatotamqui.jpg?size=200x200&set=set1,,Instituto de Investigaciones Jurídicas,
492,RUBINA,SEYMARK,BATERIP,13003994,8187354778,rbaterip48@flickr.com,0,4:25 PM,4:14 PM,https://robohash.org/rerumnemonulla.jpg?size=200x200&set=set1,,Instituto de Investigaciones en Matemáticas Aplicadas y en Sistemas,
211,JAIMIE,MURPHY,CLEATOR,90103830,7178692698,jcleator49@walmart.com,0,12:06 PM,4:56 PM,https://robohash.org/autemeumsunt.jpg?size=200x200&set=set1,,Instituto de Ciencias del Mar y Limnología,
236,DOROTHEA,ROKE,RANBY,28587565,2012645289,dranby4a@epa.gov,0,6:36 PM,8:05 AM,https://robohash.org/delenitioccaecatiet.jpg?size=200x200&set=set1,,Instituto de Astronomía,
360,KAIN,SUMMERILL,GYER,38256010,8509172694,kgyer4b@sfgate.com,0,11:28 PM,6:35 PM,https://robohash.org/mollitiasedvelit.png?size=200x200&set=set1,,Instituto de Biotecnología,
633,TOMA,DUGOOD,TWEED,15454534,7203505700,ttweed4c@studiopress.com,0,11:41 PM,10:34 PM,https://robohash.org/suntaddolores.jpg?size=200x200&set=set1,,Instituto de Investigaciones Biomédicas,
646,GIGI,ROUSSEL,MAYPOWDER,63973483,9317110461,gmaypowder4d@studiopress.com,0,9:25 AM,8:27 AM,https://robohash.org/rationeomnisincidunt.png?size=200x200&set=set1,,Instituto de Geografía,
183,QUINTANA,QUIBELL,MAINWARING,49153639,7603768115,qmainwaring4e@tmall.com,0,5:37 PM,9:15 PM,https://robohash.org/voluptasprovidentin.png?size=200x200&set=set1,,Instituto de Física,
327,ELISABET,ROMANINI,DEEVEY,95232948,8183903470,edeevey4f@com.com,0,10:24 AM,10:19 PM,https://robohash.org/minusquovel.bmp?size=200x200&set=set1,,Instituto de Geología,
512,TAMARRA,WEATHERDON,FEANDER,44756618,6171276074,tfeander4g@biblegateway.com,0,10:27 AM,10:11 PM,https://robohash.org/fugiatetut.bmp?size=200x200&set=set1,,Instituto de Investigaciones Económicas,
773,AUDRYE,CAYTON,TILT,57744213,9869309908,atilt4h@blinklist.com,0,12:12 PM,2:52 PM,https://robohash.org/temporeeaconsequatur.png?size=200x200&set=set1,,Instituto de Geofísica,
127,GARDINER,FEATHERSBY,WHITTIER,97947002,8067018045,gwhittier4i@tiny.cc,0,9:28 AM,3:48 PM,https://robohash.org/accusamuspraesentiummolestias.bmp?size=200x200&set=set1,,Instituto de Investigaciones Estéticas,
194,ULRIKA,BELLIE,CABANE,18297960,5094438182,ucabane4j@comsenz.com,0,10:01 PM,9:17 PM,https://robohash.org/sedsitoptio.jpg?size=200x200&set=set1,,Instituto de Matemáticas,
671,MARITA,ST. QUENTIN,ARMISTEAD,64516399,1939566626,marmistead4k@loc.gov,0,11:04 PM,12:27 PM,https://robohash.org/etvoluptasautem.png?size=200x200&set=set1,,Instituto de Investigaciones Históricas,
43,LESTER,KLEINFELD,PELLATT,59304791,1691130286,lpellatt4l@skype.com,0,6:53 PM,4:16 PM,https://robohash.org/velitipsumvoluptatem.bmp?size=200x200&set=set1,,Instituto de Física,
625,NICHOLAS,GRANCHER,GUDGION,38756433,2366976248,ngudgion4m@sphinn.com,0,10:08 PM,8:48 PM,https://robohash.org/consequaturmollitiavoluptate.bmp?size=200x200&set=set1,,Instituto de Investigaciones Biomédicas,
77,LIA,HEINIG,ST. PIERRE,15685881,1578862859,lstpierre4n@adobe.com,0,1:07 PM,10:14 PM,https://robohash.org/nostrumvoluptasvoluptatibus.bmp?size=200x200&set=set1,,Instituto de Investigaciones Económicas,
763,COBBIE,CAMPANY,PARTLETT,70025236,3993452276,cpartlett4o@fema.gov,0,7:38 PM,11:02 AM,https://robohash.org/dolorumquidemsit.png?size=200x200&set=set1,,Instituto de Ciencias Nucleares,
466,CATHLENE,O'SHERIN,GARCES,96357459,3692693945,cgarces4p@shop-pro.jp,0,4:51 PM,8:54 AM,https://robohash.org/nihiliustocorrupti.png?size=200x200&set=set1,,Instituto de Ecología,
366,LEELA,BLAGDON,MCMENEMY,59146793,4963398205,lmcmenemy4q@diigo.com,0,5:25 PM,11:49 PM,https://robohash.org/atquequieos.png?size=200x200&set=set1,,Instituto de Investigaciones Sociales,
265,NAOMA,CONEN,SPRASON,33142145,4504145997,nsprason4r@wordpress.com,0,2:19 PM,7:23 PM,https://robohash.org/veroexcepturiitaque.bmp?size=200x200&set=set1,,Instituto de Investigaciones Económicas,
590,KATINKA,MCGEE,PIOTR,32729352,3996229856,kpiotr4s@hatena.ne.jp,0,11:48 AM,12:52 PM,https://robohash.org/laudantiumperspiciatisqui.jpg?size=200x200&set=set1,,Instituto de Investigaciones Históricas,
161,TERI,SINKINSON,BUDDOCK,77196367,5992214779,tbuddock4t@cam.ac.uk,0,7:30 PM,11:31 PM,https://robohash.org/quoesseut.png?size=200x200&set=set1,,Instituto de Geología,
431,JOSEPHINE,PATES,YUKHOV,49657104,4406026304,jyukhov4u@wikimedia.org,0,11:45 AM,4:46 PM,https://robohash.org/assumendadolordolore.png?size=200x200&set=set1,,Instituto de Investigaciones Bibliotecológicas y de la Información,
560,DAVIDSON,SIDDELL,FULK,73036682,5099965909,dfulk4v@privacy.gov.au,0,4:55 PM,9:11 PM,https://robohash.org/ipsumpossimusvoluptatibus.bmp?size=200x200&set=set1,,Instituto de Investigaciones en Matemáticas Aplicadas y en Sistemas,
118,GABBEY,HEFFORDE,RANSLEY,51639665,3254754812,gransley4w@youku.com,0,11:15 AM,5:12 PM,https://robohash.org/voluptatemetducimus.png?size=200x200&set=set1,,Instituto de Fisiología Celular,
406,BENNY,KASZPER,HARWOOD,61130657,9847492861,bharwood4x@ucoz.ru,0,3:48 PM,10:38 PM,https://robohash.org/advelipsa.png?size=200x200&set=set1,,Instituto de Investigaciones en Ecosistemas y Sustentabilidad,
737,EVELINA,FARRIER,FRUIN,20319482,5987091602,efruin4y@moonfruit.com,0,4:44 PM,6:10 PM,https://robohash.org/deseruntconsequaturullam.jpg?size=200x200&set=set1,,Instituto de Ciencias Nucleares,
21,NOE,HARBISHER,ESPINOS,43347404,6192756680,nespinos4z@ebay.co.uk,0,11:57 AM,10:40 PM,https://robohash.org/inplaceatvoluptas.png?size=200x200&set=set1,,Instituto de Investigaciones en Matemáticas Aplicadas y en Sistemas,
775,ESSY,LACROIX,ATTWATER,26903470,2225622567,eattwater50@behance.net,0,4:50 PM,1:57 PM,https://robohash.org/debitisidiusto.jpg?size=200x200&set=set1,,Instituto de Ciencias Nucleares,
318,OLIVIERO,GERRIETZ,BOHIKE,35281824,7172921641,obohike51@netlog.com,0,9:33 PM,8:53 PM,https://robohash.org/eumisteut.png?size=200x200&set=set1,,Instituto de Astronomía,
749,GINA,DEVINEY,RICKESIES,69737042,3113540463,grickesies52@wikispaces.com,0,2:07 PM,8:48 AM,https://robohash.org/sitsintblanditiis.bmp?size=200x200&set=set1,,Instituto de Ciencias Aplicadas y Tecnología,
755,KURT,DJOKIC,BOON,10373657,7831943156,kboon53@sina.com.cn,0,3:03 PM,10:18 AM,https://robohash.org/recusandaevoluptatumet.bmp?size=200x200&set=set1,,Instituto de Ciencias Físicas,
726,KYRSTIN,KOBIERIECKI,DAVIDOVICH,11129379,1156953336,kdavidovich54@parallels.com,0,8:15 AM,12:54 PM,https://robohash.org/perspiciatiseligendivoluptas.bmp?size=200x200&set=set1,,Instituto de Investigaciones en Matemáticas Aplicadas y en Sistemas,
550,BAIL,PARDI,LOUGHREY,46503104,5644923644,bloughrey55@arstechnica.com,0,8:23 AM,9:17 AM,https://robohash.org/quibusdamnontotam.jpg?size=200x200&set=set1,,Instituto de Investigaciones Sociales,
707,TAD,VASICHEV,PENNIGAR,18548778,7951401040,tpennigar56@mozilla.org,0,9:13 AM,3:32 PM,https://robohash.org/quosvelitexcepturi.bmp?size=200x200&set=set1,,Instituto de Investigaciones Sociales,
295,KORALLE,MCGAW,CLERICOATES,95773438,4206911008,kclericoates57@stumbleupon.com,0,8:05 AM,5:05 PM,https://robohash.org/uteligendiquae.png?size=200x200&set=set1,,Instituto de Ciencias Aplicadas y Tecnología,
517,HAMLIN,CODD,OTHAM,90428378,6766139565,hotham58@ehow.com,0,12:36 PM,4:23 PM,https://robohash.org/laboriosamveroautem.bmp?size=200x200&set=set1,,Instituto de Investigaciones Filosóficas,
361,BRIANA,CARTIN,HERRERO,90636070,1406161743,bherrero59@chicagotribune.com,0,10:16 PM,2:28 PM,https://robohash.org/natussuntinventore.bmp?size=200x200&set=set1,,Instituto de Investigaciones Biomédicas,
425,NOEL,CUSSINS,BULLIVANT,67638255,1857467588,nbullivant5a@opera.com,0,8:29 AM,3:57 PM,https://robohash.org/suntliberoquod.png?size=200x200&set=set1,,Instituto de Investigaciones Económicas,
589,WYNNIE,COLLENS,MCGOWING,59313258,5517847314,wmcgowing5b@ehow.com,0,12:48 PM,9:26 PM,https://robohash.org/omnisevenietautem.png?size=200x200&set=set1,,Instituto de Ciencias Aplicadas y Tecnología,
218,EFREM,FAIRBURN,BARTELOT,71479433,6341779292,ebartelot5c@sphinn.com,0,11:42 AM,8:56 AM,https://robohash.org/minusquosnecessitatibus.png?size=200x200&set=set1,,Instituto de Biología,
669,ASHLEE,METTRICK,DONAHUE,60011176,3903056908,adonahue5d@cpanel.net,0,11:56 AM,11:54 AM,https://robohash.org/voluptatumautquasi.jpg?size=200x200&set=set1,,Instituto de Investigaciones Bibliográficas,
676,ALDRIDGE,CRANFIELD,HUSON,17905304,3661360446,ahuson5e@miitbeian.gov.cn,0,8:34 AM,1:57 PM,https://robohash.org/sapienteetqui.bmp?size=200x200&set=set1,,Instituto de Matemáticas,
752,JAKOB,KITCHIN,GARIFF,90635131,9749956512,jgariff5f@reuters.com,0,2:15 PM,3:50 PM,https://robohash.org/asperioresoccaecatidolore.png?size=200x200&set=set1,,Instituto de Investigaciones sobre la Universidad y la Educación,
587,RUBIN,JONE,LONGSON,45032146,9379459417,rlongson5g@hao123.com,0,2:29 PM,11:20 AM,https://robohash.org/estdelenitiquibusdam.jpg?size=200x200&set=set1,,Instituto de Investigaciones Biomédicas,
53,SHELLEY,WEDDUP,HINDSHAW,80071958,5841397726,shindshaw5h@imageshack.us,0,5:44 PM,8:47 PM,https://robohash.org/porroevenietdolor.jpg?size=200x200&set=set1,,Instituto de Ciencias Aplicadas y Tecnología,
134,CALLIDA,BURGOYNE,VAAN,48506185,7372873797,cvaan5i@quantcast.com,0,12:00 PM,6:56 PM,https://robohash.org/utdolorsaepe.png?size=200x200&set=set1,,Instituto de Neurobiología,
133,SEAN,BERNARDO,GODSELL,30664194,6354545948,sgodsell5j@wisc.edu,0,8:25 PM,1:17 PM,https://robohash.org/quisquamsunteius.png?size=200x200&set=set1,,Instituto de Investigaciones Filosóficas,
74,ELMIRA,DOBBIE,KLOSSER,15336389,6534600784,eklosser0@state.tx.us,0,10:24 PM,1:45 PM,https://robohash.org/etliberoet.jpg?size=200x200&set=set1,,,unidad de odontologia
480,PRINCE,RIGTS,TIERY,28969403,3083530828,ptiery1@taobao.com,0,4:07 PM,7:17 PM,https://robohash.org/magnamprovidentvoluptatem.jpg?size=200x200&set=set1,,,unidad de quimica
453,JACOB,STORMONTH,TREVNA,17042920,8527930534,jtrevna2@wsj.com,0,10:39 PM,2:12 PM,https://robohash.org/harumipsanihil.bmp?size=200x200&set=set1,,,unidad de filosofia y letras
766,ALEC,DEWSBURY,GUSSIE,16701147,2877121503,agussie3@baidu.com,0,11:04 PM,9:55 PM,https://robohash.org/undealiasdolore.jpg?size=200x200&set=set1,,,unidad de economia
781,DRUSILLA,WIDDOWS,AUSTWICK,41017011,9101091042,daustwick4@buzzfeed.com,0,7:08 PM,1:08 PM,https://robohash.org/aaspernaturprovident.bmp?size=200x200&set=set1,,,unidad de psicologia
8,GALINA,STILLIARD,GOBEAUX,51020148,7235096726,ggobeaux5@cafepress.com,0,10:26 PM,5:18 PM,https://robohash.org/architectoveroquibusdam.png?size=200x200&set=set1,,,unidad de quimica
786,HARLEY,SERGANT,QUEST,10490884,5397117750,hquest6@pbs.org,0,3:20 PM,10:53 AM,https://robohash.org/praesentiumremomnis.jpg?size=200x200&set=set1,,,unidad de artes y diseño
592,JACINTHE,BRUHN,BROCKLESBY,17185729,8008401248,jbrocklesby7@intel.com,0,8:53 AM,6:39 PM,https://robohash.org/voluptatemetet.png?size=200x200&set=set1,,,unidad de medicina
722,SYBIL,HADCOCK,NYSSENS,30058856,7565227857,snyssens8@barnesandnoble.com,0,11:07 PM,5:44 PM,https://robohash.org/temporenumquamet.png?size=200x200&set=set1,,,unidad de artes y diseño
442,BERNETTA,TWALLIN,DEWDENY,43005515,1993644165,bdewdeny9@storify.com,0,12:36 PM,4:27 PM,https://robohash.org/utetveritatis.bmp?size=200x200&set=set1,,,unidad de ciencias politicas y sociales
241,ALEXANDRA,BRESLANE,TENBRUG,91592394,5092798488,atenbruga@dedecms.com,0,11:26 PM,4:31 PM,https://robohash.org/etomniseos.bmp?size=200x200&set=set1,,,unidad de odontologia
153,ANGUS,WHELLAMS,ELLISON,79996037,8159633943,aellisonb@ycombinator.com,0,1:51 PM,12:59 PM,https://robohash.org/natusvoluptatematque.jpg?size=200x200&set=set1,,,unidad de contaduria y administracion
679,ETHELBERT,HOLSTON,SNAILHAM,90744211,6953191006,esnailhamc@amazon.co.jp,0,5:06 PM,11:21 AM,https://robohash.org/deseruntnemovoluptates.png?size=200x200&set=set1,,,unidad ciencias
176,SIBYL,SHELDRAKE,KIEFF,54405744,9757982172,skieffd@columbia.edu,0,6:21 PM,5:27 PM,https://robohash.org/eteaomnis.jpg?size=200x200&set=set1,,,unidad ciencias
109,GIORGIA,CHAMPNISS,READER,12165596,1984536785,greadere@macromedia.com,0,6:17 PM,3:20 PM,https://robohash.org/quidistinctioqui.png?size=200x200&set=set1,,,unidad de quimica
283,CHLOE,SAUTTER,DILLET,63546423,9158686109,cdilletf@cmu.edu,0,11:38 AM,6:35 PM,https://robohash.org/autidet.bmp?size=200x200&set=set1,,,unidad de ingenieria
410,TABBIE,GOALBY,NYSTROM,12840897,6669435678,tnystromg@taobao.com,0,12:35 PM,8:00 PM,https://robohash.org/laboreoditest.png?size=200x200&set=set1,,,unidad de medicina veterinaria y zootecnica
313,CHRISTABEL,GERALDI,HURCHE,78528605,4678285953,churcheh@blogspot.com,0,4:52 PM,12:09 PM,https://robohash.org/voluptatemeaquelaudantium.jpg?size=200x200&set=set1,,,unidad de musica
505,MARIAN,BIMSON,NEICHO,22293247,8968458145,mneichoi@chron.com,0,3:03 PM,5:35 PM,https://robohash.org/hicvelnostrum.png?size=200x200&set=set1,,,unidad de filosofia y letras
693,MATHILDA,BROWNBRIDGE,SHUARD,47690270,5178126379,mshuardj@un.org,0,5:18 PM,4:51 PM,https://robohash.org/etsimiliquevoluptate.jpg?size=200x200&set=set1,,,unidad de filosofia y letras
272,JILLANA,DRENG,MATHERS,38972643,3053777483,jmathersk@instagram.com,0,3:55 PM,6:53 PM,https://robohash.org/doloremeaqueet.png?size=200x200&set=set1,,,unidad de economia
108,GERTIE,BAGSTER,DUDGEON,22957227,9744410781,gdudgeonl@msu.edu,0,7:48 PM,10:02 PM,https://robohash.org/repellatofficianeque.jpg?size=200x200&set=set1,,,unidad de psicologia
99,KIMMIE,DURTNALL,LONGCAKE,61200928,3432001862,klongcakem@google.co.uk,0,1:45 PM,9:46 PM,https://robohash.org/doloribusrepudiandaetempora.bmp?size=200x200&set=set1,,,unidad de ingenieria
780,TALLULAH,EBBAGE,FARREAR,36737534,2496952326,tfarrearn@mapquest.com,0,8:41 PM,12:31 PM,https://robohash.org/asuscipitvoluptatum.bmp?size=200x200&set=set1,,,unidad de odontologia
786,WALLIS,GABBETT,BLEMINGS,37883374,5611529954,wblemingso@miitbeian.gov.cn,0,9:07 PM,9:07 PM,https://robohash.org/quodnihilrerum.png?size=200x200&set=set1,,,unidad de psicologia
533,KISSEE,MACNEACHTAIN,BOSCHE,52103576,2004917842,kboschep@oakley.com,0,8:54 AM,7:12 PM,https://robohash.org/etdoloremvero.png?size=200x200&set=set1,,,unidad de psicologia
493,VALAREE,BUGLER,ESCALE,98908388,5815707910,vescaleq@nps.gov,0,12:47 PM,3:30 PM,https://robohash.org/corporisvelittotam.jpg?size=200x200&set=set1,,,unidad de derecho
120,ALEXANDER,CHURN,SILVERWOOD,3532256,5561468484,asilverwoodr@theglobeandmail.com,0,6:12 PM,7:26 PM,https://robohash.org/consecteturoccaecatiminima.jpg?size=200x200&set=set1,,,unidad de odontologia
605,YARDLEY,GALIA,DROUGHT,38045548,3317216801,ydroughts@virginia.edu,0,8:47 PM,7:17 PM,https://robohash.org/minimaoccaecatiet.png?size=200x200&set=set1,,,unidad de medicina veterinaria y zootecnica
710,OTHELLA,JACQUEMY,BULLED,2513845,2565534488,obulledt@free.fr,0,6:36 PM,10:44 PM,https://robohash.org/quiaatquelabore.jpg?size=200x200&set=set1,,,unidad de economia
476,BUIRON,BLINCOW,WHATFORD,95472567,6447768266,bwhatfordu@wikipedia.org,0,12:35 PM,11:30 AM,https://robohash.org/necessitatibusiuresaepe.png?size=200x200&set=set1,,,unidad de medicina
698,MARIBETH,WILFORD,KRETSCHMER,84172520,9272362555,mkretschmerv@uiuc.edu,0,6:10 PM,12:54 PM,https://robohash.org/doloreutveritatis.png?size=200x200&set=set1,,,unidad de psicologia
196,NOELLA,VITTERY,TUPLING,63069316,5349621857,ntuplingw@twitter.com,0,12:48 PM,1:04 PM,https://robohash.org/earumrationealiquid.png?size=200x200&set=set1,,,unidad de artes y diseño
135,INGABERG,GARNHAM,RIDDLES,13969706,2706235216,iriddlesx@odnoklassniki.ru,0,6:00 PM,8:34 AM,https://robohash.org/assumendaautvelit.bmp?size=200x200&set=set1,,,unidad ciencias
358,MICHEAL,COMPSON,POTE,65173976,1473694166,mpotey@amazon.co.jp,0,12:53 PM,12:13 PM,https://robohash.org/voluptatibuseaeos.jpg?size=200x200&set=set1,,,unidad de contaduria y administracion
34,NORRY,BOXEN,LUDWIG,93521528,6374348273,nludwigz@csmonitor.com,0,9:18 AM,7:15 PM,https://robohash.org/quiipsamamet.bmp?size=200x200&set=set1,,,unidad de artes y diseño
768,KENN,THURLOW,CHAIKOVSKI,91297583,9057958915,kchaikovski10@eepurl.com,0,9:52 PM,9:22 PM,https://robohash.org/nonametnostrum.bmp?size=200x200&set=set1,,,unidad de arquitectura
438,WESTLEY,ROBERSON,CIEMENTINI,9670782,6725405284,wciementini11@blogger.com,0,2:43 PM,9:54 PM,https://robohash.org/sedetomnis.png?size=200x200&set=set1,,,unidad de economia
716,SUSY,GEARY,BRODEUR,46601897,3474303460,sbrodeur12@oaic.gov.au,0,7:22 PM,12:47 PM,https://robohash.org/sedconsequaturvelit.png?size=200x200&set=set1,,,unidad de odontologia
775,MUFFIN,GUSNEY,SOUTHEY,84335971,3892725274,msouthey13@edublogs.org,0,5:23 PM,8:07 AM,https://robohash.org/fugitquiconsequatur.bmp?size=200x200&set=set1,,,unidad de psicologia
266,MINETTE,CLEEVES,SOIGNE,36378339,4011912437,msoigne14@narod.ru,0,4:09 PM,8:19 PM,https://robohash.org/utcorporislabore.jpg?size=200x200&set=set1,,,unidad de odontologia
342,BOOTE,CHALKER,NATT,86740322,4122064610,bnatt15@columbia.edu,0,6:34 PM,7:26 PM,https://robohash.org/nequeutnisi.png?size=200x200&set=set1,,,unidad de ingenieria
501,STEARN,DUSSY,BORLAND,10812322,4941070041,sborland16@wufoo.com,0,6:47 PM,5:00 PM,https://robohash.org/recusandaevoluptatesdeserunt.bmp?size=200x200&set=set1,,,unidad de arquitectura
341,FARLEIGH,WOEHLER,ANDRIVEAUX,74827986,2087625515,fandriveaux17@wordpress.com,0,10:50 AM,4:46 PM,https://robohash.org/ateamodi.jpg?size=200x200&set=set1,,,unidad de economia
551,CRISTIONNA,MALLAM,BERTHE,68084803,2219614230,cberthe18@t-online.de,0,12:18 PM,7:50 PM,https://robohash.org/dignissimosuttempora.png?size=200x200&set=set1,,,unidad de odontologia
593,KEVON,FALLENS,HORLEY,30656353,4781596909,khorley19@pcworld.com,0,2:48 PM,1:07 PM,https://robohash.org/ipsamautid.jpg?size=200x200&set=set1,,,unidad de quimica
376,STINKY,KRZYSZTOFIAK,HORSFIELD,58684393,2118243052,shorsfield1a@icq.com,0,7:02 PM,7:16 PM,https://robohash.org/providentdolorporro.bmp?size=200x200&set=set1,,,unidad de filosofia y letras
531,WYNN,POUNTAIN,ELSTOB,45131139,5285887303,welstob1b@npr.org,0,3:54 PM,3:11 PM,https://robohash.org/omnisoptiofugiat.jpg?size=200x200&set=set1,,,unidad de medicina veterinaria y zootecnica
216,JOHANNA,MCEVON,VEDIKHOV,76948652,7578802762,jvedikhov1c@mayoclinic.com,0,11:49 PM,12:26 PM,https://robohash.org/aliquidtotamqui.jpg?size=200x200&set=set1,,,unidad de quimica
786,LANGSTON,COWCHA,RIDGERS,4424079,7062828530,lridgers1d@epa.gov,0,11:10 AM,9:58 AM,https://robohash.org/maximesapienteoptio.jpg?size=200x200&set=set1,,,unidad de musica
78,HALSEY,SHAFE,COOPMAN,69017240,8722585273,hcoopman1e@globo.com,0,11:44 AM,8:10 AM,https://robohash.org/autadnon.bmp?size=200x200&set=set1,,,unidad de ciencias politicas y sociales
463,BERRIE,CONSTANZA,SHIERS,89756425,1198182709,bshiers1f@sohu.com,0,11:43 AM,5:00 PM,https://robohash.org/quibusdamnullaut.jpg?size=200x200&set=set1,,,unidad de ingenieria
792,BERN,NOCK,BINNELL,58974125,2358481380,bbinnell1g@webeden.co.uk,0,2:33 PM,1:46 PM,https://robohash.org/quaeratexercitationemexcepturi.jpg?size=200x200&set=set1,,,unidad de contaduria y administracion
727,GODIVA,KIRKUP,TEBALD,65126082,5035990639,gtebald1h@mit.edu,0,10:58 AM,10:57 AM,https://robohash.org/maximerecusandaesit.bmp?size=200x200&set=set1,,,unidad de medicina veterinaria y zootecnica
529,HASTIE,GABB,BONI,60435903,4749345340,hboni1i@about.com,0,2:53 PM,11:10 AM,https://robohash.org/quiveroquis.bmp?size=200x200&set=set1,,,unidad de economia
626,ALLYCE,JUAREZ,MCGEACHIE,68035843,5635954599,amcgeachie1j@walmart.com,0,1:29 PM,9:07 PM,https://robohash.org/autundequod.png?size=200x200&set=set1,,,unidad de medicina
363,TAMI,NISCO,MCCATHY,21558155,9925637582,tmccathy1k@usnews.com,0,7:50 PM,5:59 PM,https://robohash.org/voluptatematet.bmp?size=200x200&set=set1,,,unidad de odontologia
361,CHRYSTAL,TOWERS,ETHELSTONE,8178748,5015685084,cethelstone1l@businessweek.com,0,11:18 AM,7:23 PM,https://robohash.org/totamsedconsequuntur.png?size=200x200&set=set1,,,unidad de medicina veterinaria y zootecnica
116,VALENTINE,GLAZEBROOK,PENNICOTT,13388818,8821419999,vpennicott1m@craigslist.org,0,12:42 PM,10:59 AM,https://robohash.org/consequaturidrerum.bmp?size=200x200&set=set1,,,unidad de quimica
56,CORETTE,CLEMENCET,SWITSUR,43216016,9498325708,cswitsur1n@myspace.com,0,4:42 PM,3:09 PM,https://robohash.org/oditdolordelectus.jpg?size=200x200&set=set1,,,unidad de quimica
529,CULL,NUSCHE,O' MULLAN,43445504,1133855422,comullan1o@nba.com,0,10:32 AM,9:07 PM,https://robohash.org/quoconsequunturadipisci.bmp?size=200x200&set=set1,,,unidad de ciencias politicas y sociales
522,ALESSANDRO,PITKIN,DE GOEY,73912390,4737744542,adegoey1p@google.co.jp,0,2:40 PM,9:24 PM,https://robohash.org/inlaborumrerum.png?size=200x200&set=set1,,,unidad ciencias
274,ODILLE,BRUNI,HEWES,45751628,8036641913,ohewes1q@chron.com,0,9:41 AM,11:01 PM,https://robohash.org/delectusquiaqui.bmp?size=200x200&set=set1,,,unidad de medicina
260,DARLLEEN,LIGHTOLLERS,DEETLOF,94978346,3901006009,ddeetlof1r@europa.eu,0,12:31 PM,3:56 PM,https://robohash.org/nostrumrerumomnis.bmp?size=200x200&set=set1,,,unidad de quimica
748,WOODIE,EPSLY,VERTIGAN,82217496,8297578347,wvertigan1s@wired.com,0,8:37 PM,12:44 PM,https://robohash.org/debitissimiliquevoluptatem.bmp?size=200x200&set=set1,,,unidad de quimica
754,ZACH,MILDENHALL,PENDLETON,61339487,4022337950,zpendleton1t@fotki.com,0,11:37 PM,4:44 PM,https://robohash.org/aquiadebitis.jpg?size=200x200&set=set1,,,unidad de quimica
401,RAFAELLO,STANSBIE,RADDIN,71602657,9599999689,rraddin1u@mayoclinic.com,0,8:32 PM,4:00 PM,https://robohash.org/explicabovoluptateest.png?size=200x200&set=set1,,,unidad de ingenieria
198,PIERSON,CHOMISZEWSKI,FRUSHER,25763212,1552110129,pfrusher1v@sfgate.com,0,6:46 PM,2:36 PM,https://robohash.org/estdelenitiearum.jpg?size=200x200&set=set1,,,unidad de filosofia y letras
501,GARROTT,ERAT,O'KUDDYHY,18494887,5989025929,gokuddyhy1w@privacy.gov.au,0,8:50 AM,9:23 PM,https://robohash.org/quibusdamdoloremqueillo.bmp?size=200x200&set=set1,,,unidad de economia
65,RODDIE,CORDEROY,GASNELL,40796626,2262136911,rgasnell1x@webs.com,0,8:32 AM,6:24 PM,https://robohash.org/estlaborequos.png?size=200x200&set=set1,,,unidad de artes y diseño
538,JEDDY,ZANNOTELLI,HURL,75685141,6315013913,jhurl1y@facebook.com,0,8:42 PM,8:28 AM,https://robohash.org/similiqueexplicaboet.png?size=200x200&set=set1,,,unidad de medicina veterinaria y zootecnica
551,SHANDRA,ANTONY,DOWSEY,17479510,2693488131,sdowsey1z@discovery.com,0,11:48 PM,10:06 PM,https://robohash.org/quiestvoluptates.jpg?size=200x200&set=set1,,,unidad de ciencias politicas y sociales
225,HILLARY,CASSIN,REDDECLIFFE,61369511,2845915654,hreddecliffe20@si.edu,0,2:58 PM,9:31 PM,https://robohash.org/rerumidaperiam.png?size=200x200&set=set1,,,unidad de medicina
776,TOWNIE,WYTHE,ATMORE,24136176,2517009039,tatmore21@nydailynews.com,0,11:51 PM,8:10 AM,https://robohash.org/ipsumvelitodit.png?size=200x200&set=set1,,,unidad de filosofia y letras
228,ELIANORE,WINKELL,PURSEGLOVE,71696523,8212873286,epurseglove22@cargocollective.com,0,7:42 PM,11:14 AM,https://robohash.org/recusandaeetfugiat.bmp?size=200x200&set=set1,,,unidad de odontologia
197,FRANCHOT,TILSTON,CLIFF,81348931,2341415905,fcliff23@geocities.jp,0,11:54 PM,10:34 AM,https://robohash.org/harumquasihic.png?size=200x200&set=set1,,,unidad de filosofia y letras
544,LENETTE,TANMAN,PIERTON,94996201,6339656655,lpierton24@loc.gov,0,11:38 PM,3:02 PM,https://robohash.org/sequirerumvoluptatem.png?size=200x200&set=set1,,,unidad de filosofia y letras
664,MURDOCK,TIRKIN,PONTER,35362305,1121385822,mponter25@nymag.com,0,10:34 PM,1:49 PM,https://robohash.org/eaaccusantiummolestias.png?size=200x200&set=set1,,,unidad ciencias
408,KAROLA,SEMAINE,LUM,28151480,1667790468,klum26@wordpress.com,0,2:54 PM,10:14 AM,https://robohash.org/exercitationemvelnatus.bmp?size=200x200&set=set1,,,unidad de psicologia
752,SIANNA,RITMEIER,ROSBOTHAM,5704879,2908547810,srosbotham27@japanpost.jp,0,3:40 PM,6:08 PM,https://robohash.org/veloccaecatisuscipit.jpg?size=200x200&set=set1,,,unidad de derecho
90,BRITTNI,INCHBALD,DENINGTON,14446122,4896935812,bdenington28@bbb.org,0,4:38 PM,7:33 PM,https://robohash.org/dignissimosdoloreratione.bmp?size=200x200&set=set1,,,unidad de filosofia y letras
292,TYE,BARIBALL,HUMPHRIES,75858059,4286994496,thumphries29@timesonline.co.uk,0,11:38 PM,11:12 AM,https://robohash.org/accusantiumvelitvel.bmp?size=200x200&set=set1,,,unidad de ingenieria
471,MARIJO,GREATHEAD,PAUWEL,41998414,1568271954,mpauwel2a@cbc.ca,0,10:03 PM,6:47 PM,https://robohash.org/laborumnihilaut.png?size=200x200&set=set1,,,unidad de derecho
794,AMYE,WONTER,HEISLER,70780821,7953429360,aheisler2b@icio.us,0,12:22 PM,8:31 PM,https://robohash.org/omnispossimuseveniet.png?size=200x200&set=set1,,,unidad de ingenieria
235,ISAAC,GIANOLO,FINESSY,17607154,9434716547,ifinessy2c@ca.gov,0,2:40 PM,10:01 PM,https://robohash.org/ipsaassumendaautem.jpg?size=200x200&set=set1,,,unidad de psicologia
152,ORIANA,BAGWORTH,NANO,21773996,3824264734,onano2d@dailymail.co.uk,0,11:59 AM,4:51 PM,https://robohash.org/molestiasmagnisit.png?size=200x200&set=set1,,,unidad ciencias
794,STAFANI,KYNDER,LEHRMANN,28044697,8579464248,slehrmann2e@wikimedia.org,0,11:29 PM,3:20 PM,https://robohash.org/atsuntcum.png?size=200x200&set=set1,,,unidad ciencias
417,CHRISTY,ALBERT,JEDRZEJEWSKI,6567064,2805251890,cjedrzejewski2f@reuters.com,0,8:13 PM,11:12 AM,https://robohash.org/nihilsitsunt.bmp?size=200x200&set=set1,,,unidad de odontologia
172,MARYLINDA,ANDREOU,ENGLEFIELD,23800395,9706201794,menglefield2g@infoseek.co.jp,0,4:33 PM,12:18 PM,https://robohash.org/eossintcupiditate.jpg?size=200x200&set=set1,,,unidad de ingenieria
701,GWENDOLYN,HULSTROM,RODENBURG,74052331,1287798625,grodenburg2h@nps.gov,0,8:41 AM,2:55 PM,https://robohash.org/fugiatvoluptasnobis.png?size=200x200&set=set1,,,unidad de filosofia y letras
415,LELAH,PICHE,DE WINTON,33125029,5528274652,ldewinton2i@bbc.co.uk,0,10:12 PM,10:49 PM,https://robohash.org/liberobeataetotam.bmp?size=200x200&set=set1,,,unidad de odontologia
288,MICHELL,WELLS,BARNWILL,96968483,6258544985,mbarnwill2j@spotify.com,0,9:15 AM,10:11 AM,https://robohash.org/quisquameumoptio.png?size=200x200&set=set1,,,unidad de artes y diseño
313,SUKEY,MARYMAN,SNODDIN,62648193,4968147667,ssnoddin2k@amazon.co.jp,0,6:12 PM,10:15 PM,https://robohash.org/nemoutdeserunt.jpg?size=200x200&set=set1,,,unidad ciencias
593,BRIA,KOLLASCH,BEATSON,58296960,9691069012,bbeatson2l@wired.com,0,11:41 PM,9:40 AM,https://robohash.org/rerumnequenam.jpg?size=200x200&set=set1,,,unidad de economia
395,ALFIE,BROADBURY,NASH,30656873,9075779723,anash2m@bing.com,0,11:02 AM,8:19 AM,https://robohash.org/voluptatibusdoloresaut.bmp?size=200x200&set=set1,,,unidad de filosofia y letras
186,ZORANA,ANDREONE,WAGGITT,81043026,9062660821,zwaggitt2n@businesswire.com,0,8:55 PM,2:26 PM,https://robohash.org/dictalaborequo.bmp?size=200x200&set=set1,,,unidad de arquitectura
417,RUFE,ANTOSIK,BLEADEN,99187951,7183430649,rbleaden2o@weibo.com,0,6:23 PM,8:01 AM,https://robohash.org/molestiaserrorex.png?size=200x200&set=set1,,,unidad de medicina veterinaria y zootecnica
447,MELLIE,VAN LEIJS,BARIZERET,2629211,3251611643,mbarizeret2p@bravesites.com,0,11:31 AM,6:08 PM,https://robohash.org/eablanditiisquidem.jpg?size=200x200&set=set1,,,unidad de musica
33,JERAD,STARCKS,GILLET,20837139,9329371768,jgillet2q@naver.com,0,9:09 PM,9:10 AM,https://robohash.org/voluptasquiaipsum.bmp?size=200x200&set=set1,,,unidad de medicina
537,EMMIE,MASTERMAN,COTTHAM,27605825,9292579028,ecottham2r@hatena.ne.jp,0,4:05 PM,4:29 PM,https://robohash.org/velitsiterror.jpg?size=200x200&set=set1,,,unidad de odontologia
