id_direccion,razon_social,email,telefono,tipo_seguro,que_cubre
611,EDGEIFY,pedgehill0@techcrunch.com,7289670395,SEGUROS A TERCEROS AMPLIADOS,VIAL Y EN VIAJES
631,JAYO,kslatten1@dot.gov,4907285165,TODO RIESGO,DAÑOS MATERIALES
620,YAKIJO,pkupec2@yelp.com,7362302678,TODO RIESGO,GASTOS MÉDICOS A OCUPANTES
407,RHYBOX,kbrimacombe3@google.fr,4192625587,TODO RIESGO,VIAL Y EN VIAJES
469,BROWSEZOOM,mrandleson4@csmonitor.com,8779263922,SEGURO A TERCEROS,RESPONSABILIDAD CIVIL BIENES Y PERSONAS
541,PLAJO,hrostron5@ted.com,2373416144,SEGUROS A TERCEROS AMPLIADOS,VIAL Y EN VIAJES
368,VINDER,mcrush6@parallels.com,4272368940,SEGUROS A TERCEROS AMPLIADOS,ASISTENCIAS: LEGAL
43,KAYMBO,eduncklee7@cpanel.net,2082304393,SEGURO A TERCEROS,ROBO TOTAL / PARCIAL
426,JAYO,csterman8@hc360.com,4097168790,SEGUROS A TERCEROS AMPLIADOS,ASISTENCIAS: LEGAL
305,KATZ,gblakeborough9@myspace.com,8965096449,SEGURO A TERCEROS,RESPONSABILIDAD CIVIL BIENES Y PERSONAS
84,JAYO,tpookea@home.pl,9364977497,SEGURO A TERCEROS,RESPONSABILIDAD CIVIL BIENES Y PERSONAS
644,BUZZBEAN,vtuxwellb@narod.ru,2419465336,SEGURO A TERCEROS,ASISTENCIAS: LEGAL
452,DABVINE,bstrobanc@gravatar.com,9387034156,SEGURO A TERCEROS,ROBO TOTAL / PARCIAL
48,DABFEED,dmactrustyd@storify.com,2329996690,SEGURO A TERCEROS,RESPONSABILIDAD CIVIL BIENES Y PERSONAS
255,GABSPOT,noboye@mail.ru,3996283605,TODO RIESGO,GASTOS MÉDICOS A OCUPANTES
290,REALFIRE,ldovinsonf@mashable.com,6312949579,SEGURO A TERCEROS,VIAL Y EN VIAJES
518,KATZ,wvogelg@wordpress.com,7377913371,SEGUROS A TERCEROS AMPLIADOS,DAÑOS MATERIALES
432,JETWIRE,dgraveth@bloomberg.com,1915721195,SEGURO A TERCEROS,RESPONSABILIDAD CIVIL BIENES Y PERSONAS
419,TAGFEED,ssowleyi@rediff.com,8985954686,TODO RIESGO,GASTOS MÉDICOS A OCUPANTES
80,FATZ,dfeverj@geocities.jp,4391355460,TODO RIESGO,VIAL Y EN VIAJES
315,RHYNOODLE,sbagnoldk@cdc.gov,9165322009,SEGURO A TERCEROS,RESPONSABILIDAD CIVIL BIENES Y PERSONAS
417,OMBA,tcassidyl@icio.us,8845189838,SEGUROS A TERCEROS AMPLIADOS,ROBO TOTAL / PARCIAL
46,BLUEZOOM,gwoodroughm@networksolutions.com,8841564078,SEGUROS A TERCEROS AMPLIADOS,RESPONSABILIDAD CIVIL BIENES Y PERSONAS
314,LINKBUZZ,iagneyn@omniture.com,3456220998,SEGURO A TERCEROS,GASTOS MÉDICOS A OCUPANTES
322,REALMIX,evolkeso@shinystat.com,5355851300,TODO RIESGO,ASISTENCIAS: LEGAL
664,TAGOPIA,aabramovitzp@unblog.fr,4441830271,SEGUROS A TERCEROS AMPLIADOS,RESPONSABILIDAD CIVIL BIENES Y PERSONAS
145,YOTZ,esalmanq@admin.ch,8922462980,SEGUROS A TERCEROS AMPLIADOS,VIAL Y EN VIAJES
631,TAGCHAT,rcoopeyr@google.com,6064793727,SEGUROS A TERCEROS AMPLIADOS,ROBO TOTAL / PARCIAL
767,RIFFPEDIA,epikens@shop-pro.jp,7924680143,SEGURO A TERCEROS,DAÑOS MATERIALES
538,MEEMBEE,aehratt@cnbc.com,7286903761,SEGUROS A TERCEROS AMPLIADOS,DAÑOS MATERIALES
194,DEMIZZ,wgresswellu@uiuc.edu,4165473254,SEGUROS A TERCEROS AMPLIADOS,GASTOS MÉDICOS A OCUPANTES
773,PHOTOBUG,hburroughesv@theguardian.com,6959615701,TODO RIESGO,DAÑOS MATERIALES
779,PHOTOLIST,skeyndw@nih.gov,8818417066,SEGURO A TERCEROS,DAÑOS MATERIALES
46,DEMIMBU,arossox@craigslist.org,3698660255,SEGURO A TERCEROS,ASISTENCIAS: LEGAL
344,DEVBUG,ccundeyy@fda.gov,9132198670,SEGUROS A TERCEROS AMPLIADOS,RESPONSABILIDAD CIVIL BIENES Y PERSONAS
390,REALBUZZ,cpawelekz@delicious.com,4047691787,SEGURO A TERCEROS,VIAL Y EN VIAJES
70,MIDEL,dgohn10@com.com,6534948162,TODO RIESGO,VIAL Y EN VIAJES
49,CENTIDEL,clayburn11@umn.edu,6478460320,TODO RIESGO,GASTOS MÉDICOS A OCUPANTES
449,EARE,mlawes12@ezinearticles.com,5658537095,SEGURO A TERCEROS,ASISTENCIAS: LEGAL
560,YOZIO,cgallimore13@dailymail.co.uk,9133430221,SEGUROS A TERCEROS AMPLIADOS,GASTOS MÉDICOS A OCUPANTES
436,VOONIX,rlambot14@usda.gov,5278394627,TODO RIESGO,ASISTENCIAS: LEGAL
757,MEEZZY,khilley15@businessweek.com,1892387174,TODO RIESGO,RESPONSABILIDAD CIVIL BIENES Y PERSONAS
431,ZOOMDOG,agibbeson16@vimeo.com,3131822254,SEGUROS A TERCEROS AMPLIADOS,DAÑOS MATERIALES
181,YOUSPAN,fisaak17@shop-pro.jp,4556988945,TODO RIESGO,VIAL Y EN VIAJES
281,BUBBLETUBE,clumly18@quantcast.com,7386036689,SEGUROS A TERCEROS AMPLIADOS,ROBO TOTAL / PARCIAL
549,DYNAZZY,vauston19@tmall.com,5637852468,TODO RIESGO,ROBO TOTAL / PARCIAL
75,DIVAPE,skirkbride1a@foxnews.com,1025416167,SEGURO A TERCEROS,VIAL Y EN VIAJES
223,EABOX,hmordey1b@technorati.com,7297799062,SEGUROS A TERCEROS AMPLIADOS,ROBO TOTAL / PARCIAL
560,PHOTOBUG,ksheen1c@vinaora.com,9503413952,SEGURO A TERCEROS,GASTOS MÉDICOS A OCUPANTES
66,BRAINLOUNGE,kpafford1d@nyu.edu,2329245631,SEGURO A TERCEROS,ROBO TOTAL / PARCIAL
262,SKILITH,ccornbill1e@ning.com,6862479852,SEGURO A TERCEROS,VIAL Y EN VIAJES
744,RHYZIO,ranning1f@abc.net.au,9966415726,SEGURO A TERCEROS,ROBO TOTAL / PARCIAL
201,PODCAT,kacom1g@is.gd,9013612880,SEGUROS A TERCEROS AMPLIADOS,GASTOS MÉDICOS A OCUPANTES
135,TRUNYX,mwroe1h@barnesandnoble.com,4392008608,TODO RIESGO,VIAL Y EN VIAJES
237,YOUFEED,mfalk1i@mapquest.com,3662489088,SEGURO A TERCEROS,ROBO TOTAL / PARCIAL
751,TANOODLE,gdesbrow1j@acquirethisname.com,8214034307,SEGURO A TERCEROS,GASTOS MÉDICOS A OCUPANTES
305,DYNABOX,ajohnke1k@hugedomains.com,4094600882,SEGUROS A TERCEROS AMPLIADOS,ROBO TOTAL / PARCIAL
781,DYNAZZY,wjeannesson1l@spotify.com,7079022736,SEGURO A TERCEROS,GASTOS MÉDICOS A OCUPANTES
702,BROWSEZOOM,itune1m@quantcast.com,9801352592,SEGUROS A TERCEROS AMPLIADOS,VIAL Y EN VIAJES
163,ROOMM,lbrashier1n@berkeley.edu,8276298326,SEGURO A TERCEROS,ROBO TOTAL / PARCIAL
91,DEMIVEE,sraspison1o@mayoclinic.com,1106436907,SEGUROS A TERCEROS AMPLIADOS,VIAL Y EN VIAJES
171,AIMBO,glabrow1p@blinklist.com,1256270589,SEGURO A TERCEROS,DAÑOS MATERIALES
231,QUAMBA,sgreenside1q@yale.edu,4753009880,SEGUROS A TERCEROS AMPLIADOS,GASTOS MÉDICOS A OCUPANTES
307,THOUGHTMIX,sbatrip1r@wordpress.org,5751122023,TODO RIESGO,DAÑOS MATERIALES
80,FLASHDOG,aheinel1s@4shared.com,5095685048,SEGUROS A TERCEROS AMPLIADOS,ROBO TOTAL / PARCIAL
117,COGIDOO,tbrobyn1t@opensource.org,8843332279,SEGURO A TERCEROS,RESPONSABILIDAD CIVIL BIENES Y PERSONAS
63,TRILIA,ilibrey1u@google.pl,4842255760,SEGURO A TERCEROS,DAÑOS MATERIALES
4,EIMBEE,lolongain1v@jalbum.net,5171209885,TODO RIESGO,RESPONSABILIDAD CIVIL BIENES Y PERSONAS
572,YACERO,lguilford1w@google.co.jp,2977032650,SEGUROS A TERCEROS AMPLIADOS,VIAL Y EN VIAJES
725,FADEO,mroycroft1x@tripadvisor.com,8599927546,SEGURO A TERCEROS,VIAL Y EN VIAJES
98,LINKBUZZ,dclinnick1y@archive.org,3469536725,SEGURO A TERCEROS,ASISTENCIAS: LEGAL
89,JABBERCUBE,istallibrass1z@mapy.cz,4165508064,TODO RIESGO,ROBO TOTAL / PARCIAL
778,WIKIVU,lledgard20@economist.com,5281757999,SEGUROS A TERCEROS AMPLIADOS,ROBO TOTAL / PARCIAL
363,VOONDER,mwindrus21@engadget.com,4419709714,TODO RIESGO,ASISTENCIAS: LEGAL
474,YODO,ksanper22@huffingtonpost.com,7132416941,TODO RIESGO,RESPONSABILIDAD CIVIL BIENES Y PERSONAS
226,TWINDER,kogilby23@jigsy.com,1072980334,SEGUROS A TERCEROS AMPLIADOS,RESPONSABILIDAD CIVIL BIENES Y PERSONAS
57,TWIMBO,primour24@cyberchimps.com,5643389566,SEGUROS A TERCEROS AMPLIADOS,RESPONSABILIDAD CIVIL BIENES Y PERSONAS
285,MUXO,rhintze25@wp.com,3387181379,SEGURO A TERCEROS,DAÑOS MATERIALES
725,DYNAZZY,dornells26@cbslocal.com,3729747681,TODO RIESGO,ASISTENCIAS: LEGAL
581,VOOMM,cwildber27@surveymonkey.com,4982425630,SEGUROS A TERCEROS AMPLIADOS,DAÑOS MATERIALES
425,YOUSPAN,qhardey28@about.me,1409462082,SEGUROS A TERCEROS AMPLIADOS,DAÑOS MATERIALES
594,BRAINBOX,bdowney29@boston.com,8487769567,TODO RIESGO,RESPONSABILIDAD CIVIL BIENES Y PERSONAS
111,KARE,jdrogan2a@dailymail.co.uk,9523501820,SEGURO A TERCEROS,ASISTENCIAS: LEGAL
477,RHYNYX,cgreenshiels2b@nationalgeographic.com,5032401150,SEGURO A TERCEROS,RESPONSABILIDAD CIVIL BIENES Y PERSONAS
344,ABATA,mhaddington2c@typepad.com,1542458392,SEGURO A TERCEROS,VIAL Y EN VIAJES
413,TRUDOO,mrutter2d@posterous.com,3997601361,TODO RIESGO,VIAL Y EN VIAJES
481,TAVU,acardew2e@1und1.de,6103423293,SEGUROS A TERCEROS AMPLIADOS,RESPONSABILIDAD CIVIL BIENES Y PERSONAS
317,TALANE,ttramel2f@senate.gov,8722334270,TODO RIESGO,ROBO TOTAL / PARCIAL
447,LAJO,aortmann2g@tinyurl.com,8047667948,SEGURO A TERCEROS,RESPONSABILIDAD CIVIL BIENES Y PERSONAS
343,NLOUNGE,sdurrington2h@irs.gov,1584190251,SEGUROS A TERCEROS AMPLIADOS,ROBO TOTAL / PARCIAL
333,TWITTERBEAT,cnewing2i@engadget.com,1912624740,SEGURO A TERCEROS,VIAL Y EN VIAJES
597,SKYNOODLE,srollinson2j@youtube.com,9917462922,SEGUROS A TERCEROS AMPLIADOS,VIAL Y EN VIAJES
391,VIDOO,sadshad2k@fc2.com,2365740303,SEGUROS A TERCEROS AMPLIADOS,ASISTENCIAS: LEGAL
356,AIMBO,sweathers2l@nymag.com,5557512373,SEGUROS A TERCEROS AMPLIADOS,ASISTENCIAS: LEGAL
360,DEVCAST,cmacak2m@webs.com,5405685392,SEGURO A TERCEROS,GASTOS MÉDICOS A OCUPANTES
669,WIKIZZ,dsutor2n@fda.gov,7872644396,SEGUROS A TERCEROS AMPLIADOS,ASISTENCIAS: LEGAL
430,TAMBEE,smarvel2o@thetimes.co.uk,8721324147,TODO RIESGO,ROBO TOTAL / PARCIAL
385,TRILITH,crailton2p@guardian.co.uk,7603637551,SEGURO A TERCEROS,ROBO TOTAL / PARCIAL
392,FLIPOPIA,abedin2q@mediafire.com,3216517332,TODO RIESGO,GASTOS MÉDICOS A OCUPANTES
105,BUBBLETUBE,omoberley2r@msu.edu,1643205880,TODO RIESGO,VIAL Y EN VIAJES
766,FLIPTUNE,pseer2s@lulu.com,9865451202,SEGUROS A TERCEROS AMPLIADOS,VIAL Y EN VIAJES
595,DABVINE,kbendall2t@odnoklassniki.ru,8509081032,SEGUROS A TERCEROS AMPLIADOS,DAÑOS MATERIALES
662,QUAXO,gkirtley2u@youtube.com,6902411004,SEGUROS A TERCEROS AMPLIADOS,DAÑOS MATERIALES
159,CENTIMIA,epatching2v@wisc.edu,8287629392,TODO RIESGO,ROBO TOTAL / PARCIAL
296,MUDO,ematusiak2w@msu.edu,4692367797,SEGURO A TERCEROS,DAÑOS MATERIALES
652,JALOO,bthorby2x@goo.gl,4405113472,SEGURO A TERCEROS,GASTOS MÉDICOS A OCUPANTES
658,REALBUZZ,dkirkby2y@rediff.com,9937282799,SEGURO A TERCEROS,ROBO TOTAL / PARCIAL
21,VOONYX,kheynen2z@chicagotribune.com,5728382034,TODO RIESGO,DAÑOS MATERIALES
700,PHOTOLIST,sarmitt30@bloomberg.com,8694109295,SEGURO A TERCEROS,ASISTENCIAS: LEGAL
660,EDGECLUB,skennerley31@dion.ne.jp,9447609289,SEGUROS A TERCEROS AMPLIADOS,DAÑOS MATERIALES
773,LAJO,cpiatkowski32@cbsnews.com,6155009454,TODO RIESGO,ASISTENCIAS: LEGAL
634,OBA,sbarrasse33@tuttocitta.it,5331611703,SEGURO A TERCEROS,DAÑOS MATERIALES
700,SKIDOO,fmacak34@uiuc.edu,4283209576,SEGUROS A TERCEROS AMPLIADOS,RESPONSABILIDAD CIVIL BIENES Y PERSONAS
9,EIDEL,ekelsey35@mlb.com,7641290177,SEGUROS A TERCEROS AMPLIADOS,GASTOS MÉDICOS A OCUPANTES
55,TOPICLOUNGE,jgeram36@chronoengine.com,8327592639,TODO RIESGO,GASTOS MÉDICOS A OCUPANTES
466,ZOOVEO,asea37@google.com.au,7808794306,TODO RIESGO,ASISTENCIAS: LEGAL
198,INNOZ,cgrushin38@com.com,8071806813,TODO RIESGO,DAÑOS MATERIALES
37,THOUGHTWORKS,ctollerton39@freewebs.com,3761363566,TODO RIESGO,ROBO TOTAL / PARCIAL
622,PIXOPE,owaterman3a@symantec.com,6777878110,SEGURO A TERCEROS,RESPONSABILIDAD CIVIL BIENES Y PERSONAS
73,BLUEJAM,tmacloughlin3b@google.nl,1769530132,SEGUROS A TERCEROS AMPLIADOS,GASTOS MÉDICOS A OCUPANTES
642,VOONTE,agrishechkin3c@nbcnews.com,4977743470,SEGURO A TERCEROS,GASTOS MÉDICOS A OCUPANTES
12,QUIMBA,hcaldroni3d@webeden.co.uk,8059364196,SEGURO A TERCEROS,RESPONSABILIDAD CIVIL BIENES Y PERSONAS
356,ZOONDER,phuygens3e@shop-pro.jp,2011159408,TODO RIESGO,DAÑOS MATERIALES
69,KWILITH,fcaltun3f@cargocollective.com,8466062446,SEGURO A TERCEROS,VIAL Y EN VIAJES
426,GABVINE,sfenna3g@trellian.com,8625926628,TODO RIESGO,DAÑOS MATERIALES
721,ZOOMZONE,pchieze3h@ameblo.jp,4492342920,SEGUROS A TERCEROS AMPLIADOS,ASISTENCIAS: LEGAL
651,YACERO,awilber3i@discuz.net,4285849075,SEGUROS A TERCEROS AMPLIADOS,GASTOS MÉDICOS A OCUPANTES
186,EDGEIFY,ccleen3j@alexa.com,7633824740,SEGURO A TERCEROS,ASISTENCIAS: LEGAL
646,DEVCAST,rhairon3k@multiply.com,9895403456,TODO RIESGO,ROBO TOTAL / PARCIAL
398,VOONDER,eescott3l@house.gov,5251413165,SEGUROS A TERCEROS AMPLIADOS,ASISTENCIAS: LEGAL
261,TAGTUNE,ewitard3m@arizona.edu,9661722704,SEGURO A TERCEROS,GASTOS MÉDICOS A OCUPANTES
687,SKINTE,lcarson3n@si.edu,3423807329,SEGUROS A TERCEROS AMPLIADOS,ASISTENCIAS: LEGAL
45,TOPICSHOTS,dscaife3o@tumblr.com,2564356876,SEGUROS A TERCEROS AMPLIADOS,VIAL Y EN VIAJES
599,LAJO,tsetch3p@imageshack.us,7149674885,SEGURO A TERCEROS,ROBO TOTAL / PARCIAL
282,SKIPTUBE,estreeting3q@bloglovin.com,8999047445,SEGURO A TERCEROS,DAÑOS MATERIALES
483,MEEZZY,meilert3r@home.pl,6249158896,TODO RIESGO,ASISTENCIAS: LEGAL
263,LAYO,jugoletti3s@com.com,8032258092,SEGURO A TERCEROS,DAÑOS MATERIALES
669,OOZZ,vmaffulli3t@usnews.com,5042704028,SEGURO A TERCEROS,ROBO TOTAL / PARCIAL
361,BRAINSPHERE,lottam3u@msu.edu,2784352925,SEGUROS A TERCEROS AMPLIADOS,ASISTENCIAS: LEGAL
154,YAMIA,arelfe3v@adobe.com,8022117029,SEGUROS A TERCEROS AMPLIADOS,DAÑOS MATERIALES
382,FIVECLUB,bkerner3w@drupal.org,6186432777,SEGUROS A TERCEROS AMPLIADOS,VIAL Y EN VIAJES
600,OZU,msemrad3x@weather.com,5533552927,SEGUROS A TERCEROS AMPLIADOS,GASTOS MÉDICOS A OCUPANTES
76,YADEL,srangeley3y@howstuffworks.com,7373101718,TODO RIESGO,RESPONSABILIDAD CIVIL BIENES Y PERSONAS
325,SHUFFLESTER,sgilman3z@cnet.com,8474436408,SEGURO A TERCEROS,GASTOS MÉDICOS A OCUPANTES
113,DABSHOTS,fbentsen40@ustream.tv,8037943382,SEGURO A TERCEROS,ASISTENCIAS: LEGAL
580,VOONDER,pcristofori41@netvibes.com,4333633573,SEGUROS A TERCEROS AMPLIADOS,ASISTENCIAS: LEGAL
88,FIVECHAT,divashin42@zdnet.com,4725520034,SEGURO A TERCEROS,ROBO TOTAL / PARCIAL
686,SKYVU,bwenn43@aol.com,5888397172,TODO RIESGO,VIAL Y EN VIAJES
510,KATZ,awyett44@netscape.com,6129982018,SEGURO A TERCEROS,ROBO TOTAL / PARCIAL
281,FATZ,cagastina45@ebay.co.uk,1157551027,SEGUROS A TERCEROS AMPLIADOS,ROBO TOTAL / PARCIAL
525,GEVEE,vlast46@wisc.edu,1855002866,SEGUROS A TERCEROS AMPLIADOS,ROBO TOTAL / PARCIAL
139,EIMBEE,mpardew47@unc.edu,8352134034,SEGUROS A TERCEROS AMPLIADOS,VIAL Y EN VIAJES
166,KARE,ryarnold48@msn.com,1956938935,SEGUROS A TERCEROS AMPLIADOS,ASISTENCIAS: LEGAL
410,SHUFFLESTER,mdignon49@sphinn.com,6153514805,SEGURO A TERCEROS,RESPONSABILIDAD CIVIL BIENES Y PERSONAS
499,MEEMBEE,kfilliskirk4a@elpais.com,7852472728,SEGUROS A TERCEROS AMPLIADOS,RESPONSABILIDAD CIVIL BIENES Y PERSONAS
180,FIVESPAN,clownie4b@google.nl,2075261237,SEGURO A TERCEROS,ROBO TOTAL / PARCIAL
108,INNOTYPE,hgamet4c@ebay.com,9937059227,SEGUROS A TERCEROS AMPLIADOS,GASTOS MÉDICOS A OCUPANTES
605,COGILITH,hwilstead4d@pen.io,3486558561,SEGUROS A TERCEROS AMPLIADOS,VIAL Y EN VIAJES
727,YAMIA,ngrabham4e@a8.net,9755765498,TODO RIESGO,DAÑOS MATERIALES
450,EIDEL,mwicher4f@google.ru,4328091087,SEGUROS A TERCEROS AMPLIADOS,VIAL Y EN VIAJES
789,PHOTOFEED,fattenborough4g@networkadvertising.org,9836842056,TODO RIESGO,GASTOS MÉDICOS A OCUPANTES
44,SKALITH,btoleman4h@kickstarter.com,4686256946,SEGURO A TERCEROS,GASTOS MÉDICOS A OCUPANTES
30,REALCUBE,smerrison4i@gravatar.com,5993840286,SEGURO A TERCEROS,GASTOS MÉDICOS A OCUPANTES
216,ZAZIO,awillson4j@360.cn,3172612194,SEGUROS A TERCEROS AMPLIADOS,VIAL Y EN VIAJES
220,VIMBO,gsuggate4k@squarespace.com,8878484485,SEGURO A TERCEROS,ASISTENCIAS: LEGAL
522,SKALITH,zdegrey4l@psu.edu,2561957822,SEGUROS A TERCEROS AMPLIADOS,ROBO TOTAL / PARCIAL
371,YOMBU,alyndon4m@mediafire.com,5544928143,SEGURO A TERCEROS,DAÑOS MATERIALES
426,BLOGXS,bpetruszka4n@flavors.me,2888978067,SEGUROS A TERCEROS AMPLIADOS,GASTOS MÉDICOS A OCUPANTES
199,DEVSHARE,qjosowitz4o@trellian.com,1315537678,SEGUROS A TERCEROS AMPLIADOS,RESPONSABILIDAD CIVIL BIENES Y PERSONAS
452,MEETZ,eosuaird4p@uiuc.edu,8241161259,SEGURO A TERCEROS,ROBO TOTAL / PARCIAL
255,OBA,rwordington4q@harvard.edu,5901805559,SEGURO A TERCEROS,ASISTENCIAS: LEGAL
170,PHOTOJAM,tnortham4r@flickr.com,2595346560,SEGURO A TERCEROS,GASTOS MÉDICOS A OCUPANTES
559,RHYBOX,acamocke4s@thetimes.co.uk,7331493441,SEGURO A TERCEROS,ASISTENCIAS: LEGAL
94,TWIMM,aruler4t@flickr.com,8991527939,SEGURO A TERCEROS,DAÑOS MATERIALES
565,ABATZ,rpargiter4u@woothemes.com,9201487987,TODO RIESGO,VIAL Y EN VIAJES
117,TOPICLOUNGE,kansell4v@liveinternet.ru,4483786369,TODO RIESGO,RESPONSABILIDAD CIVIL BIENES Y PERSONAS
43,DAZZLESPHERE,mantonoyev4w@vk.com,6236250252,SEGURO A TERCEROS,VIAL Y EN VIAJES
116,MYBUZZ,iendley4x@utexas.edu,9749495391,TODO RIESGO,GASTOS MÉDICOS A OCUPANTES
15,BUZZSHARE,gnuth4y@lulu.com,6536171240,SEGUROS A TERCEROS AMPLIADOS,ROBO TOTAL / PARCIAL
394,GABTUNE,bwimpress4z@tmall.com,3966083788,TODO RIESGO,RESPONSABILIDAD CIVIL BIENES Y PERSONAS
47,OOBA,mfaldoe50@businesswire.com,8012741133,SEGUROS A TERCEROS AMPLIADOS,ROBO TOTAL / PARCIAL
630,BABBLESTORM,nspilisy51@exblog.jp,9842842975,TODO RIESGO,ASISTENCIAS: LEGAL
315,SHUFFLETAG,bdarrach52@nature.com,8149981596,TODO RIESGO,ROBO TOTAL / PARCIAL
744,DYNABOX,vshrimplin53@eventbrite.com,2401484519,SEGURO A TERCEROS,ROBO TOTAL / PARCIAL
406,TRUNYX,ktash54@usnews.com,4989789155,TODO RIESGO,VIAL Y EN VIAJES
462,DABTYPE,cjosefowicz55@cbc.ca,5394887114,TODO RIESGO,RESPONSABILIDAD CIVIL BIENES Y PERSONAS
391,SKIDOO,hderx56@reddit.com,8805915086,SEGUROS A TERCEROS AMPLIADOS,ROBO TOTAL / PARCIAL
510,DEVPULSE,mgalier57@globo.com,3285917010,TODO RIESGO,ROBO TOTAL / PARCIAL
7,TAGTUNE,hmatuschek58@archive.org,8925918121,SEGURO A TERCEROS,ROBO TOTAL / PARCIAL
98,QUIRE,cmcvicar59@slashdot.org,4422454851,SEGUROS A TERCEROS AMPLIADOS,DAÑOS MATERIALES
403,REALBLAB,fvanyushin5a@hao123.com,7618930761,SEGUROS A TERCEROS AMPLIADOS,ASISTENCIAS: LEGAL
157,MYDEO,npreddle5b@51.la,1988237189,SEGURO A TERCEROS,VIAL Y EN VIAJES
603,GABTYPE,esimo5c@example.com,8558955134,SEGUROS A TERCEROS AMPLIADOS,GASTOS MÉDICOS A OCUPANTES
204,REALBRIDGE,ntupling5d@privacy.gov.au,2473676302,SEGURO A TERCEROS,ROBO TOTAL / PARCIAL
393,SKAJO,mcowgill5e@sfgate.com,3007269212,SEGUROS A TERCEROS AMPLIADOS,RESPONSABILIDAD CIVIL BIENES Y PERSONAS
598,LIVEPATH,kberggren5f@arstechnica.com,3499873935,TODO RIESGO,RESPONSABILIDAD CIVIL BIENES Y PERSONAS
222,EARE,epavy5g@google.es,3557019733,SEGURO A TERCEROS,VIAL Y EN VIAJES
523,TAZZY,fslym5h@domainmarket.com,6006605361,SEGURO A TERCEROS,DAÑOS MATERIALES
264,KWIDEO,ncordery5i@i2i.jp,4234029847,SEGURO A TERCEROS,VIAL Y EN VIAJES
120,KAYMBO,mbroadhead5j@wisc.edu,4738329638,TODO RIESGO,GASTOS MÉDICOS A OCUPANTES
